Instance,Algorithm,Order,Iterations,ObjectiveFunctionValue,OptimalValue,ValueDeviation,Time(s),OptimalSolutionTime(s),TimeDeviation,SolutionFile
SetA_10x4S10,GRASP_VND,DoorSwap-Reloc-Swap,1,6659.0,6325.0,5.281,0.010,0.041,-76.621,SetA_10x4S10-Solution
SetA_10x4S10,GRASP_VND,Reloc-Swap-DoorSwap,1,6557.0,6325.0,3.668,0.011,0.041,-74.127,SetA_10x4S10-Solution
SetA_10x4S10,GRASP_VND,DoorSwap-Reloc-Swap,10,6553.0,6325.0,3.605,0.016,0.041,-61.701,SetA_10x4S10-Solution
SetA_10x4S10,GRASP_VND,Reloc-Swap-DoorSwap,10,6553.0,6325.0,3.605,0.014,0.041,-65.026,SetA_10x4S10-Solution
SetA_10x4S10,GRASP_VND,DoorSwap-Reloc-Swap,100,6434.0,6325.0,1.723,0.036,0.041,-12.334,SetA_10x4S10-Solution
SetA_10x4S10,GRASP_VND,Reloc-Swap-DoorSwap,100,6424.0,6325.0,1.565,0.033,0.041,-18.355,SetA_10x4S10-Solution
SetA_10x4S10,GRASP_VND,DoorSwap-Reloc-Swap,1000,6385.0,6325.0,0.949,0.068,0.041,65.550,SetA_10x4S10-Solution
SetA_10x4S10,GRASP_VND,Reloc-Swap-DoorSwap,1000,6407.0,6325.0,1.296,0.071,0.041,73.043,SetA_10x4S10-Solution
SetA_10x4S10,GRASP_VND,DoorSwap-Reloc-Swap,10000,6327.0,6325.0,0.032,0.170,0.041,315.268,SetA_10x4S10-Solution
SetA_10x4S10,GRASP_VND,Reloc-Swap-DoorSwap,10000,6327.0,6325.0,0.032,0.160,0.041,289.072,SetA_10x4S10-Solution
SetA_10x4S10,GRASP_VND,DoorSwap-Reloc-Swap,100000,6327.0,6325.0,0.032,0.531,0.041,1194.589,SetA_10x4S10-Solution
SetA_10x4S10,GRASP_VND,Reloc-Swap-DoorSwap,100000,6325.0,6325.0,0.000,0.523,0.041,1176.441,SetA_10x4S10-Solution
SetA_10x4S10,GRASP_VND,DoorSwap-Reloc-Swap,1000000,6325.0,6325.0,0.000,4.057,0.041,9795.906,SetA_10x4S10-Solution
SetA_10x4S10,GRASP_VND,Reloc-Swap-DoorSwap,1000000,6325.0,6325.0,0.000,3.896,0.041,9401.491,SetA_10x4S10-Solution
SetA_10x4S15,GRASP_VND,DoorSwap-Reloc-Swap,1,6695.0,6296.0,6.337,0.009,0.048,-80.234,SetA_10x4S15-Solution
SetA_10x4S15,GRASP_VND,Reloc-Swap-DoorSwap,1,6504.0,6296.0,3.304,0.012,0.048,-74.632,SetA_10x4S15-Solution
SetA_10x4S15,GRASP_VND,DoorSwap-Reloc-Swap,10,6399.0,6296.0,1.636,0.018,0.048,-63.235,SetA_10x4S15-Solution
SetA_10x4S15,GRASP_VND,Reloc-Swap-DoorSwap,10,6376.0,6296.0,1.271,0.019,0.048,-59.518,SetA_10x4S15-Solution
SetA_10x4S15,GRASP_VND,DoorSwap-Reloc-Swap,100,6323.0,6296.0,0.429,0.039,0.048,-18.568,SetA_10x4S15-Solution
SetA_10x4S15,GRASP_VND,Reloc-Swap-DoorSwap,100,6363.0,6296.0,1.064,0.034,0.048,-29.399,SetA_10x4S15-Solution
SetA_10x4S15,GRASP_VND,DoorSwap-Reloc-Swap,1000,6311.0,6296.0,0.238,0.087,0.048,80.358,SetA_10x4S15-Solution
SetA_10x4S15,GRASP_VND,Reloc-Swap-DoorSwap,1000,6323.0,6296.0,0.429,0.078,0.048,62.487,SetA_10x4S15-Solution
SetA_10x4S15,GRASP_VND,DoorSwap-Reloc-Swap,10000,6316.0,6296.0,0.318,0.162,0.048,238.361,SetA_10x4S15-Solution
SetA_10x4S15,GRASP_VND,Reloc-Swap-DoorSwap,10000,6311.0,6296.0,0.238,0.149,0.048,210.440,SetA_10x4S15-Solution
SetA_10x4S15,GRASP_VND,DoorSwap-Reloc-Swap,100000,6305.0,6296.0,0.143,0.558,0.048,1061.622,SetA_10x4S15-Solution
SetA_10x4S15,GRASP_VND,Reloc-Swap-DoorSwap,100000,6311.0,6296.0,0.238,0.546,0.048,1037.495,SetA_10x4S15-Solution
SetA_10x4S15,GRASP_VND,DoorSwap-Reloc-Swap,1000000,6305.0,6296.0,0.143,4.432,0.048,9134.274,SetA_10x4S15-Solution
SetA_10x4S15,GRASP_VND,Reloc-Swap-DoorSwap,1000000,6311.0,6296.0,0.238,4.206,0.048,8662.719,SetA_10x4S15-Solution
SetA_10x4S20,GRASP_VND,DoorSwap-Reloc-Swap,1,6473.0,6267.0,3.287,0.010,0.04,-75.161,SetA_10x4S20-Solution
SetA_10x4S20,GRASP_VND,Reloc-Swap-DoorSwap,1,6491.0,6267.0,3.574,0.010,0.04,-74.107,SetA_10x4S20-Solution
SetA_10x4S20,GRASP_VND,DoorSwap-Reloc-Swap,10,6334.0,6267.0,1.069,0.015,0.04,-61.752,SetA_10x4S20-Solution
SetA_10x4S20,GRASP_VND,Reloc-Swap-DoorSwap,10,6393.0,6267.0,2.011,0.015,0.04,-61.547,SetA_10x4S20-Solution
SetA_10x4S20,GRASP_VND,DoorSwap-Reloc-Swap,100,6320.0,6267.0,0.846,0.043,0.04,7.511,SetA_10x4S20-Solution
SetA_10x4S20,GRASP_VND,Reloc-Swap-DoorSwap,100,6358.0,6267.0,1.452,0.032,0.04,-20.643,SetA_10x4S20-Solution
SetA_10x4S20,GRASP_VND,DoorSwap-Reloc-Swap,1000,6267.0,6267.0,0.000,0.081,0.04,103.358,SetA_10x4S20-Solution
SetA_10x4S20,GRASP_VND,Reloc-Swap-DoorSwap,1000,6323.0,6267.0,0.894,0.076,0.04,91.217,SetA_10x4S20-Solution
SetA_10x4S20,GRASP_VND,DoorSwap-Reloc-Swap,10000,6267.0,6267.0,0.000,0.145,0.04,262.635,SetA_10x4S20-Solution
SetA_10x4S20,GRASP_VND,Reloc-Swap-DoorSwap,10000,6304.0,6267.0,0.590,0.158,0.04,294.370,SetA_10x4S20-Solution
SetA_10x4S20,GRASP_VND,DoorSwap-Reloc-Swap,100000,6267.0,6267.0,0.000,0.600,0.04,1399.492,SetA_10x4S20-Solution
SetA_10x4S20,GRASP_VND,Reloc-Swap-DoorSwap,100000,6267.0,6267.0,0.000,0.575,0.04,1337.963,SetA_10x4S20-Solution
SetA_10x4S20,GRASP_VND,DoorSwap-Reloc-Swap,1000000,6267.0,6267.0,0.000,4.691,0.04,11627.232,SetA_10x4S20-Solution
SetA_10x4S20,GRASP_VND,Reloc-Swap-DoorSwap,1000000,6267.0,6267.0,0.000,4.559,0.04,11297.330,SetA_10x4S20-Solution
SetA_10x4S30,GRASP_VND,DoorSwap-Reloc-Swap,1,6509.0,6193.0,5.103,0.014,0.037,-62.712,SetA_10x4S30-Solution
SetA_10x4S30,GRASP_VND,Reloc-Swap-DoorSwap,1,6307.0,6193.0,1.841,0.014,0.037,-61.946,SetA_10x4S30-Solution
SetA_10x4S30,GRASP_VND,DoorSwap-Reloc-Swap,10,6307.0,6193.0,1.841,0.026,0.037,-29.232,SetA_10x4S30-Solution
SetA_10x4S30,GRASP_VND,Reloc-Swap-DoorSwap,10,6236.0,6193.0,0.694,0.029,0.037,-21.366,SetA_10x4S30-Solution
SetA_10x4S30,GRASP_VND,DoorSwap-Reloc-Swap,100,6193.0,6193.0,0.000,0.034,0.037,-8.205,SetA_10x4S30-Solution
SetA_10x4S30,GRASP_VND,Reloc-Swap-DoorSwap,100,6193.0,6193.0,0.000,0.035,0.037,-4.655,SetA_10x4S30-Solution
SetA_10x4S30,GRASP_VND,DoorSwap-Reloc-Swap,1000,6193.0,6193.0,0.000,0.094,0.037,154.414,SetA_10x4S30-Solution
SetA_10x4S30,GRASP_VND,Reloc-Swap-DoorSwap,1000,6193.0,6193.0,0.000,0.078,0.037,111.488,SetA_10x4S30-Solution
SetA_10x4S30,GRASP_VND,DoorSwap-Reloc-Swap,10000,6193.0,6193.0,0.000,0.224,0.037,506.165,SetA_10x4S30-Solution
SetA_10x4S30,GRASP_VND,Reloc-Swap-DoorSwap,10000,6193.0,6193.0,0.000,0.145,0.037,293.126,SetA_10x4S30-Solution
SetA_10x4S30,GRASP_VND,DoorSwap-Reloc-Swap,100000,6193.0,6193.0,0.000,0.652,0.037,1661.144,SetA_10x4S30-Solution
SetA_10x4S30,GRASP_VND,Reloc-Swap-DoorSwap,100000,6193.0,6193.0,0.000,0.627,0.037,1594.377,SetA_10x4S30-Solution
SetA_10x4S30,GRASP_VND,DoorSwap-Reloc-Swap,1000000,6193.0,6193.0,0.000,4.941,0.037,13253.190,SetA_10x4S30-Solution
SetA_10x4S30,GRASP_VND,Reloc-Swap-DoorSwap,1000000,6193.0,6193.0,0.000,4.869,0.037,13060.467,SetA_10x4S30-Solution
SetA_10x4S5,GRASP_VND,DoorSwap-Reloc-Swap,1,6721.0,6518.0,3.114,0.010,0.119,-91.563,SetA_10x4S5-Solution
SetA_10x4S5,GRASP_VND,Reloc-Swap-DoorSwap,1,6696.0,6518.0,2.731,0.009,0.119,-92.099,SetA_10x4S5-Solution
SetA_10x4S5,GRASP_VND,DoorSwap-Reloc-Swap,10,6567.0,6518.0,0.752,0.016,0.119,-86.374,SetA_10x4S5-Solution
SetA_10x4S5,GRASP_VND,Reloc-Swap-DoorSwap,10,6543.0,6518.0,0.384,0.016,0.119,-86.378,SetA_10x4S5-Solution
SetA_10x4S5,GRASP_VND,DoorSwap-Reloc-Swap,100,6518.0,6518.0,0.000,0.031,0.119,-73.936,SetA_10x4S5-Solution
SetA_10x4S5,GRASP_VND,Reloc-Swap-DoorSwap,100,6518.0,6518.0,0.000,0.033,0.119,-72.307,SetA_10x4S5-Solution
SetA_10x4S5,GRASP_VND,DoorSwap-Reloc-Swap,1000,6518.0,6518.0,0.000,0.084,0.119,-29.803,SetA_10x4S5-Solution
SetA_10x4S5,GRASP_VND,Reloc-Swap-DoorSwap,1000,6518.0,6518.0,0.000,0.080,0.119,-32.372,SetA_10x4S5-Solution
SetA_10x4S5,GRASP_VND,DoorSwap-Reloc-Swap,10000,6518.0,6518.0,0.000,0.189,0.119,58.759,SetA_10x4S5-Solution
SetA_10x4S5,GRASP_VND,Reloc-Swap-DoorSwap,10000,6518.0,6518.0,0.000,0.183,0.119,53.374,SetA_10x4S5-Solution
SetA_10x4S5,GRASP_VND,DoorSwap-Reloc-Swap,100000,6518.0,6518.0,0.000,0.997,0.119,737.607,SetA_10x4S5-Solution
SetA_10x4S5,GRASP_VND,Reloc-Swap-DoorSwap,100000,6518.0,6518.0,0.000,0.933,0.119,684.259,SetA_10x4S5-Solution
SetA_10x4S5,GRASP_VND,DoorSwap-Reloc-Swap,1000000,6518.0,6518.0,0.000,8.653,0.119,7171.264,SetA_10x4S5-Solution
SetA_10x4S5,GRASP_VND,Reloc-Swap-DoorSwap,1000000,6518.0,6518.0,0.000,8.757,0.119,7259.020,SetA_10x4S5-Solution
SetA_10x5S10,GRASP_VND,DoorSwap-Reloc-Swap,1,6806.0,6476.0,5.096,0.010,0.096,-89.687,SetA_10x5S10-Solution
SetA_10x5S10,GRASP_VND,Reloc-Swap-DoorSwap,1,6658.0,6476.0,2.810,0.018,0.096,-81.480,SetA_10x5S10-Solution
SetA_10x5S10,GRASP_VND,DoorSwap-Reloc-Swap,10,6608.0,6476.0,2.038,0.014,0.096,-85.122,SetA_10x5S10-Solution
SetA_10x5S10,GRASP_VND,Reloc-Swap-DoorSwap,10,6497.0,6476.0,0.324,0.016,0.096,-83.521,SetA_10x5S10-Solution
SetA_10x5S10,GRASP_VND,DoorSwap-Reloc-Swap,100,6528.0,6476.0,0.803,0.033,0.096,-65.249,SetA_10x5S10-Solution
SetA_10x5S10,GRASP_VND,Reloc-Swap-DoorSwap,100,6528.0,6476.0,0.803,0.045,0.096,-53.639,SetA_10x5S10-Solution
SetA_10x5S10,GRASP_VND,DoorSwap-Reloc-Swap,1000,6497.0,6476.0,0.324,0.079,0.096,-17.753,SetA_10x5S10-Solution
SetA_10x5S10,GRASP_VND,Reloc-Swap-DoorSwap,1000,6480.0,6476.0,0.062,0.077,0.096,-19.348,SetA_10x5S10-Solution
SetA_10x5S10,GRASP_VND,DoorSwap-Reloc-Swap,10000,6480.0,6476.0,0.062,0.143,0.096,48.605,SetA_10x5S10-Solution
SetA_10x5S10,GRASP_VND,Reloc-Swap-DoorSwap,10000,6480.0,6476.0,0.062,0.153,0.096,58.895,SetA_10x5S10-Solution
SetA_10x5S10,GRASP_VND,DoorSwap-Reloc-Swap,100000,6478.0,6476.0,0.031,0.529,0.096,451.451,SetA_10x5S10-Solution
SetA_10x5S10,GRASP_VND,Reloc-Swap-DoorSwap,100000,6487.0,6476.0,0.170,0.534,0.096,456.566,SetA_10x5S10-Solution
SetA_10x5S10,GRASP_VND,DoorSwap-Reloc-Swap,1000000,6478.0,6476.0,0.031,4.220,0.096,4295.933,SetA_10x5S10-Solution
SetA_10x5S10,GRASP_VND,Reloc-Swap-DoorSwap,1000000,6478.0,6476.0,0.031,4.252,0.096,4329.168,SetA_10x5S10-Solution
SetA_10x5S15,GRASP_VND,DoorSwap-Reloc-Swap,1,6728.0,6397.0,5.174,0.009,0.085,-89.545,SetA_10x5S15-Solution
SetA_10x5S15,GRASP_VND,Reloc-Swap-DoorSwap,1,6853.0,6397.0,7.128,0.010,0.085,-88.019,SetA_10x5S15-Solution
SetA_10x5S15,GRASP_VND,DoorSwap-Reloc-Swap,10,6573.0,6397.0,2.751,0.017,0.085,-80.579,SetA_10x5S15-Solution
SetA_10x5S15,GRASP_VND,Reloc-Swap-DoorSwap,10,6460.0,6397.0,0.985,0.020,0.085,-76.294,SetA_10x5S15-Solution
SetA_10x5S15,GRASP_VND,DoorSwap-Reloc-Swap,100,6453.0,6397.0,0.875,0.039,0.085,-53.973,SetA_10x5S15-Solution
SetA_10x5S15,GRASP_VND,Reloc-Swap-DoorSwap,100,6459.0,6397.0,0.969,0.034,0.085,-59.419,SetA_10x5S15-Solution
SetA_10x5S15,GRASP_VND,DoorSwap-Reloc-Swap,1000,6437.0,6397.0,0.625,0.080,0.085,-5.995,SetA_10x5S15-Solution
SetA_10x5S15,GRASP_VND,Reloc-Swap-DoorSwap,1000,6446.0,6397.0,0.766,0.074,0.085,-13.436,SetA_10x5S15-Solution
SetA_10x5S15,GRASP_VND,DoorSwap-Reloc-Swap,10000,6424.0,6397.0,0.422,0.166,0.085,94.811,SetA_10x5S15-Solution
SetA_10x5S15,GRASP_VND,Reloc-Swap-DoorSwap,10000,6397.0,6397.0,0.000,0.154,0.085,81.135,SetA_10x5S15-Solution
SetA_10x5S15,GRASP_VND,DoorSwap-Reloc-Swap,100000,6421.0,6397.0,0.375,0.590,0.085,593.541,SetA_10x5S15-Solution
SetA_10x5S15,GRASP_VND,Reloc-Swap-DoorSwap,100000,6421.0,6397.0,0.375,0.576,0.085,577.687,SetA_10x5S15-Solution
SetA_10x5S15,GRASP_VND,DoorSwap-Reloc-Swap,1000000,6397.0,6397.0,0.000,4.531,0.085,5231.022,SetA_10x5S15-Solution
SetA_10x5S15,GRASP_VND,Reloc-Swap-DoorSwap,1000000,6421.0,6397.0,0.375,4.560,0.085,5264.764,SetA_10x5S15-Solution
SetA_10x5S20,GRASP_VND,DoorSwap-Reloc-Swap,1,6601.0,6342.0,4.084,0.010,0.096,-89.445,SetA_10x5S20-Solution
SetA_10x5S20,GRASP_VND,Reloc-Swap-DoorSwap,1,6435.0,6342.0,1.466,0.010,0.096,-89.095,SetA_10x5S20-Solution
SetA_10x5S20,GRASP_VND,DoorSwap-Reloc-Swap,10,6430.0,6342.0,1.388,0.018,0.096,-81.292,SetA_10x5S20-Solution
SetA_10x5S20,GRASP_VND,Reloc-Swap-DoorSwap,10,6418.0,6342.0,1.198,0.024,0.096,-74.609,SetA_10x5S20-Solution
SetA_10x5S20,GRASP_VND,DoorSwap-Reloc-Swap,100,6360.0,6342.0,0.284,0.059,0.096,-39.052,SetA_10x5S20-Solution
SetA_10x5S20,GRASP_VND,Reloc-Swap-DoorSwap,100,6392.0,6342.0,0.788,0.035,0.096,-63.557,SetA_10x5S20-Solution
SetA_10x5S20,GRASP_VND,DoorSwap-Reloc-Swap,1000,6354.0,6342.0,0.189,0.086,0.096,-10.144,SetA_10x5S20-Solution
SetA_10x5S20,GRASP_VND,Reloc-Swap-DoorSwap,1000,6354.0,6342.0,0.189,0.081,0.096,-16.063,SetA_10x5S20-Solution
SetA_10x5S20,GRASP_VND,DoorSwap-Reloc-Swap,10000,6351.0,6342.0,0.142,0.170,0.096,76.753,SetA_10x5S20-Solution
SetA_10x5S20,GRASP_VND,Reloc-Swap-DoorSwap,10000,6369.0,6342.0,0.426,0.164,0.096,70.593,SetA_10x5S20-Solution
SetA_10x5S20,GRASP_VND,DoorSwap-Reloc-Swap,100000,6342.0,6342.0,0.000,0.810,0.096,743.879,SetA_10x5S20-Solution
SetA_10x5S20,GRASP_VND,Reloc-Swap-DoorSwap,100000,6354.0,6342.0,0.189,0.691,0.096,620.023,SetA_10x5S20-Solution
SetA_10x5S20,GRASP_VND,DoorSwap-Reloc-Swap,1000000,6342.0,6342.0,0.000,5.702,0.096,5839.538,SetA_10x5S20-Solution
SetA_10x5S20,GRASP_VND,Reloc-Swap-DoorSwap,1000000,6351.0,6342.0,0.142,5.145,0.096,5259.502,SetA_10x5S20-Solution
SetA_10x5S30,GRASP_VND,DoorSwap-Reloc-Swap,1,6498.0,6308.0,3.012,0.011,0.094,-88.208,SetA_10x5S30-Solution
SetA_10x5S30,GRASP_VND,Reloc-Swap-DoorSwap,1,6670.0,6308.0,5.739,0.009,0.094,-90.219,SetA_10x5S30-Solution
SetA_10x5S30,GRASP_VND,DoorSwap-Reloc-Swap,10,6423.0,6308.0,1.823,0.019,0.094,-79.446,SetA_10x5S30-Solution
SetA_10x5S30,GRASP_VND,Reloc-Swap-DoorSwap,10,6406.0,6308.0,1.554,0.022,0.094,-76.179,SetA_10x5S30-Solution
SetA_10x5S30,GRASP_VND,DoorSwap-Reloc-Swap,100,6348.0,6308.0,0.634,0.041,0.094,-56.606,SetA_10x5S30-Solution
SetA_10x5S30,GRASP_VND,Reloc-Swap-DoorSwap,100,6341.0,6308.0,0.523,0.037,0.094,-60.908,SetA_10x5S30-Solution
SetA_10x5S30,GRASP_VND,DoorSwap-Reloc-Swap,1000,6333.0,6308.0,0.396,0.098,0.094,4.513,SetA_10x5S30-Solution
SetA_10x5S30,GRASP_VND,Reloc-Swap-DoorSwap,1000,6337.0,6308.0,0.460,0.091,0.094,-3.415,SetA_10x5S30-Solution
SetA_10x5S30,GRASP_VND,DoorSwap-Reloc-Swap,10000,6333.0,6308.0,0.396,0.200,0.094,112.951,SetA_10x5S30-Solution
SetA_10x5S30,GRASP_VND,Reloc-Swap-DoorSwap,10000,6337.0,6308.0,0.460,0.169,0.094,79.391,SetA_10x5S30-Solution
SetA_10x5S30,GRASP_VND,DoorSwap-Reloc-Swap,100000,6333.0,6308.0,0.396,0.687,0.094,631.273,SetA_10x5S30-Solution
SetA_10x5S30,GRASP_VND,Reloc-Swap-DoorSwap,100000,6333.0,6308.0,0.396,0.657,0.094,599.248,SetA_10x5S30-Solution
SetA_10x5S30,GRASP_VND,DoorSwap-Reloc-Swap,1000000,6308.0,6308.0,0.000,5.723,0.094,5988.637,SetA_10x5S30-Solution
SetA_10x5S30,GRASP_VND,Reloc-Swap-DoorSwap,1000000,6308.0,6308.0,0.000,6.515,0.094,6830.553,SetA_10x5S30-Solution
SetA_10x5S5,GRASP_VND,DoorSwap-Reloc-Swap,1,6728.0,6616.0,1.693,0.017,0.127,-86.956,SetA_10x5S5-Solution
SetA_10x5S5,GRASP_VND,Reloc-Swap-DoorSwap,1,6678.0,6616.0,0.937,0.011,0.127,-91.294,SetA_10x5S5-Solution
SetA_10x5S5,GRASP_VND,DoorSwap-Reloc-Swap,10,6673.0,6616.0,0.862,0.022,0.127,-82.291,SetA_10x5S5-Solution
SetA_10x5S5,GRASP_VND,Reloc-Swap-DoorSwap,10,6664.0,6616.0,0.726,0.024,0.127,-81.031,SetA_10x5S5-Solution
SetA_10x5S5,GRASP_VND,DoorSwap-Reloc-Swap,100,6616.0,6616.0,0.000,0.068,0.127,-46.155,SetA_10x5S5-Solution
SetA_10x5S5,GRASP_VND,Reloc-Swap-DoorSwap,100,6616.0,6616.0,0.000,0.056,0.127,-55.619,SetA_10x5S5-Solution
SetA_10x5S5,GRASP_VND,DoorSwap-Reloc-Swap,1000,6616.0,6616.0,0.000,0.102,0.127,-19.950,SetA_10x5S5-Solution
SetA_10x5S5,GRASP_VND,Reloc-Swap-DoorSwap,1000,6616.0,6616.0,0.000,0.116,0.127,-8.914,SetA_10x5S5-Solution
SetA_10x5S5,GRASP_VND,DoorSwap-Reloc-Swap,10000,6616.0,6616.0,0.000,0.309,0.127,143.138,SetA_10x5S5-Solution
SetA_10x5S5,GRASP_VND,Reloc-Swap-DoorSwap,10000,6616.0,6616.0,0.000,0.177,0.127,39.295,SetA_10x5S5-Solution
SetA_10x5S5,GRASP_VND,DoorSwap-Reloc-Swap,100000,6616.0,6616.0,0.000,0.546,0.127,329.808,SetA_10x5S5-Solution
SetA_10x5S5,GRASP_VND,Reloc-Swap-DoorSwap,100000,6616.0,6616.0,0.000,0.562,0.127,342.401,SetA_10x5S5-Solution
SetA_10x5S5,GRASP_VND,DoorSwap-Reloc-Swap,1000000,6616.0,6616.0,0.000,3.933,0.127,2996.685,SetA_10x5S5-Solution
SetA_10x5S5,GRASP_VND,Reloc-Swap-DoorSwap,1000000,6616.0,6616.0,0.000,3.850,0.127,2931.794,SetA_10x5S5-Solution
SetA_11x5S10,GRASP_VND,DoorSwap-Reloc-Swap,1,7711.0,7572.0,1.836,0.010,0.592,-98.263,SetA_11x5S10-Solution
SetA_11x5S10,GRASP_VND,Reloc-Swap-DoorSwap,1,7941.0,7572.0,4.873,0.011,0.592,-98.210,SetA_11x5S10-Solution
SetA_11x5S10,GRASP_VND,DoorSwap-Reloc-Swap,10,7629.0,7572.0,0.753,0.018,0.592,-97.009,SetA_11x5S10-Solution
SetA_11x5S10,GRASP_VND,Reloc-Swap-DoorSwap,10,7686.0,7572.0,1.506,0.017,0.592,-97.181,SetA_11x5S10-Solution
SetA_11x5S10,GRASP_VND,DoorSwap-Reloc-Swap,100,7617.0,7572.0,0.594,0.038,0.592,-93.575,SetA_11x5S10-Solution
SetA_11x5S10,GRASP_VND,Reloc-Swap-DoorSwap,100,7642.0,7572.0,0.924,0.035,0.592,-94.046,SetA_11x5S10-Solution
SetA_11x5S10,GRASP_VND,DoorSwap-Reloc-Swap,1000,7608.0,7572.0,0.475,0.085,0.592,-85.682,SetA_11x5S10-Solution
SetA_11x5S10,GRASP_VND,Reloc-Swap-DoorSwap,1000,7613.0,7572.0,0.541,0.096,0.592,-83.841,SetA_11x5S10-Solution
SetA_11x5S10,GRASP_VND,DoorSwap-Reloc-Swap,10000,7572.0,7572.0,0.000,0.206,0.592,-65.273,SetA_11x5S10-Solution
SetA_11x5S10,GRASP_VND,Reloc-Swap-DoorSwap,10000,7572.0,7572.0,0.000,0.200,0.592,-66.283,SetA_11x5S10-Solution
SetA_11x5S10,GRASP_VND,DoorSwap-Reloc-Swap,100000,7572.0,7572.0,0.000,0.765,0.592,29.209,SetA_11x5S10-Solution
SetA_11x5S10,GRASP_VND,Reloc-Swap-DoorSwap,100000,7595.0,7572.0,0.304,0.720,0.592,21.631,SetA_11x5S10-Solution
SetA_11x5S10,GRASP_VND,DoorSwap-Reloc-Swap,1000000,7592.0,7572.0,0.264,5.888,0.592,894.677,SetA_11x5S10-Solution
SetA_11x5S10,GRASP_VND,Reloc-Swap-DoorSwap,1000000,7583.0,7572.0,0.145,5.646,0.592,853.796,SetA_11x5S10-Solution
SetA_11x5S15,GRASP_VND,DoorSwap-Reloc-Swap,1,7967.0,7535.0,5.733,0.011,0.571,-98.022,SetA_11x5S15-Solution
SetA_11x5S15,GRASP_VND,Reloc-Swap-DoorSwap,1,7619.0,7535.0,1.115,0.011,0.571,-98.160,SetA_11x5S15-Solution
SetA_11x5S15,GRASP_VND,DoorSwap-Reloc-Swap,10,7592.0,7535.0,0.756,0.017,0.571,-97.018,SetA_11x5S15-Solution
SetA_11x5S15,GRASP_VND,Reloc-Swap-DoorSwap,10,7755.0,7535.0,2.920,0.023,0.571,-95.995,SetA_11x5S15-Solution
SetA_11x5S15,GRASP_VND,DoorSwap-Reloc-Swap,100,7583.0,7535.0,0.637,0.033,0.571,-94.161,SetA_11x5S15-Solution
SetA_11x5S15,GRASP_VND,Reloc-Swap-DoorSwap,100,7562.0,7535.0,0.358,0.038,0.571,-93.267,SetA_11x5S15-Solution
SetA_11x5S15,GRASP_VND,DoorSwap-Reloc-Swap,1000,7576.0,7535.0,0.544,0.090,0.571,-84.279,SetA_11x5S15-Solution
SetA_11x5S15,GRASP_VND,Reloc-Swap-DoorSwap,1000,7535.0,7535.0,0.000,0.081,0.571,-85.812,SetA_11x5S15-Solution
SetA_11x5S15,GRASP_VND,DoorSwap-Reloc-Swap,10000,7558.0,7535.0,0.305,0.189,0.571,-66.862,SetA_11x5S15-Solution
SetA_11x5S15,GRASP_VND,Reloc-Swap-DoorSwap,10000,7542.0,7535.0,0.093,0.180,0.571,-68.552,SetA_11x5S15-Solution
SetA_11x5S15,GRASP_VND,DoorSwap-Reloc-Swap,100000,7543.0,7535.0,0.106,0.745,0.571,30.452,SetA_11x5S15-Solution
SetA_11x5S15,GRASP_VND,Reloc-Swap-DoorSwap,100000,7542.0,7535.0,0.093,0.684,0.571,19.707,SetA_11x5S15-Solution
SetA_11x5S15,GRASP_VND,DoorSwap-Reloc-Swap,1000000,7542.0,7535.0,0.093,5.473,0.571,858.463,SetA_11x5S15-Solution
SetA_11x5S15,GRASP_VND,Reloc-Swap-DoorSwap,1000000,7542.0,7535.0,0.093,5.300,0.571,828.244,SetA_11x5S15-Solution
SetA_11x5S20,GRASP_VND,DoorSwap-Reloc-Swap,1,7995.0,7439.0,7.474,0.010,0.447,-97.843,SetA_11x5S20-Solution
SetA_11x5S20,GRASP_VND,Reloc-Swap-DoorSwap,1,7632.0,7439.0,2.594,0.012,0.447,-97.311,SetA_11x5S20-Solution
SetA_11x5S20,GRASP_VND,DoorSwap-Reloc-Swap,10,7612.0,7439.0,2.326,0.018,0.447,-95.985,SetA_11x5S20-Solution
SetA_11x5S20,GRASP_VND,Reloc-Swap-DoorSwap,10,7573.0,7439.0,1.801,0.018,0.447,-96.038,SetA_11x5S20-Solution
SetA_11x5S20,GRASP_VND,DoorSwap-Reloc-Swap,100,7508.0,7439.0,0.928,0.041,0.447,-90.885,SetA_11x5S20-Solution
SetA_11x5S20,GRASP_VND,Reloc-Swap-DoorSwap,100,7541.0,7439.0,1.371,0.037,0.447,-91.750,SetA_11x5S20-Solution
SetA_11x5S20,GRASP_VND,DoorSwap-Reloc-Swap,1000,7445.0,7439.0,0.081,0.104,0.447,-76.748,SetA_11x5S20-Solution
SetA_11x5S20,GRASP_VND,Reloc-Swap-DoorSwap,1000,7445.0,7439.0,0.081,0.087,0.447,-80.446,SetA_11x5S20-Solution
SetA_11x5S20,GRASP_VND,DoorSwap-Reloc-Swap,10000,7445.0,7439.0,0.081,0.220,0.447,-50.762,SetA_11x5S20-Solution
SetA_11x5S20,GRASP_VND,Reloc-Swap-DoorSwap,10000,7478.0,7439.0,0.524,0.188,0.447,-57.884,SetA_11x5S20-Solution
SetA_11x5S20,GRASP_VND,DoorSwap-Reloc-Swap,100000,7475.0,7439.0,0.484,0.763,0.447,70.678,SetA_11x5S20-Solution
SetA_11x5S20,GRASP_VND,Reloc-Swap-DoorSwap,100000,7470.0,7439.0,0.417,0.709,0.447,58.645,SetA_11x5S20-Solution
SetA_11x5S20,GRASP_VND,DoorSwap-Reloc-Swap,1000000,7465.0,7439.0,0.350,5.801,0.447,1197.772,SetA_11x5S20-Solution
SetA_11x5S20,GRASP_VND,Reloc-Swap-DoorSwap,1000000,7465.0,7439.0,0.350,5.702,0.447,1175.645,SetA_11x5S20-Solution
SetA_11x5S30,GRASP_VND,DoorSwap-Reloc-Swap,1,7534.0,7420.0,1.536,0.012,0.59,-97.920,SetA_11x5S30-Solution
SetA_11x5S30,GRASP_VND,Reloc-Swap-DoorSwap,1,7629.0,7420.0,2.817,0.010,0.59,-98.246,SetA_11x5S30-Solution
SetA_11x5S30,GRASP_VND,DoorSwap-Reloc-Swap,10,7553.0,7420.0,1.792,0.019,0.59,-96.718,SetA_11x5S30-Solution
SetA_11x5S30,GRASP_VND,Reloc-Swap-DoorSwap,10,7493.0,7420.0,0.984,0.017,0.59,-97.178,SetA_11x5S30-Solution
SetA_11x5S30,GRASP_VND,DoorSwap-Reloc-Swap,100,7473.0,7420.0,0.714,0.040,0.59,-93.251,SetA_11x5S30-Solution
SetA_11x5S30,GRASP_VND,Reloc-Swap-DoorSwap,100,7488.0,7420.0,0.916,0.035,0.59,-94.041,SetA_11x5S30-Solution
SetA_11x5S30,GRASP_VND,DoorSwap-Reloc-Swap,1000,7436.0,7420.0,0.216,0.117,0.59,-80.088,SetA_11x5S30-Solution
SetA_11x5S30,GRASP_VND,Reloc-Swap-DoorSwap,1000,7454.0,7420.0,0.458,0.088,0.59,-85.054,SetA_11x5S30-Solution
SetA_11x5S30,GRASP_VND,DoorSwap-Reloc-Swap,10000,7440.0,7420.0,0.270,0.237,0.59,-59.843,SetA_11x5S30-Solution
SetA_11x5S30,GRASP_VND,Reloc-Swap-DoorSwap,10000,7424.0,7420.0,0.054,0.188,0.59,-68.127,SetA_11x5S30-Solution
SetA_11x5S30,GRASP_VND,DoorSwap-Reloc-Swap,100000,7440.0,7420.0,0.270,0.816,0.59,38.272,SetA_11x5S30-Solution
SetA_11x5S30,GRASP_VND,Reloc-Swap-DoorSwap,100000,7448.0,7420.0,0.377,0.752,0.59,27.522,SetA_11x5S30-Solution
SetA_11x5S30,GRASP_VND,DoorSwap-Reloc-Swap,1000000,7436.0,7420.0,0.216,6.294,0.59,966.780,SetA_11x5S30-Solution
SetA_11x5S30,GRASP_VND,Reloc-Swap-DoorSwap,1000000,7424.0,7420.0,0.054,6.221,0.59,954.373,SetA_11x5S30-Solution
SetA_11x5S5,GRASP_VND,DoorSwap-Reloc-Swap,1,7931.0,7812.0,1.523,0.010,0.424,-97.595,SetA_11x5S5-Solution
SetA_11x5S5,GRASP_VND,Reloc-Swap-DoorSwap,1,7939.0,7812.0,1.626,0.012,0.424,-97.207,SetA_11x5S5-Solution
SetA_11x5S5,GRASP_VND,DoorSwap-Reloc-Swap,10,7884.0,7812.0,0.922,0.019,0.424,-95.612,SetA_11x5S5-Solution
SetA_11x5S5,GRASP_VND,Reloc-Swap-DoorSwap,10,7917.0,7812.0,1.344,0.021,0.424,-94.951,SetA_11x5S5-Solution
SetA_11x5S5,GRASP_VND,DoorSwap-Reloc-Swap,100,7836.0,7812.0,0.307,0.042,0.424,-90.000,SetA_11x5S5-Solution
SetA_11x5S5,GRASP_VND,Reloc-Swap-DoorSwap,100,7818.0,7812.0,0.077,0.046,0.424,-89.159,SetA_11x5S5-Solution
SetA_11x5S5,GRASP_VND,DoorSwap-Reloc-Swap,1000,7812.0,7812.0,0.000,0.118,0.424,-72.086,SetA_11x5S5-Solution
SetA_11x5S5,GRASP_VND,Reloc-Swap-DoorSwap,1000,7812.0,7812.0,0.000,0.119,0.424,-71.953,SetA_11x5S5-Solution
SetA_11x5S5,GRASP_VND,DoorSwap-Reloc-Swap,10000,7812.0,7812.0,0.000,0.356,0.424,-16.131,SetA_11x5S5-Solution
SetA_11x5S5,GRASP_VND,Reloc-Swap-DoorSwap,10000,7812.0,7812.0,0.000,0.355,0.424,-16.188,SetA_11x5S5-Solution
SetA_11x5S5,GRASP_VND,DoorSwap-Reloc-Swap,100000,7812.0,7812.0,0.000,2.550,0.424,501.323,SetA_11x5S5-Solution
SetA_11x5S5,GRASP_VND,Reloc-Swap-DoorSwap,100000,7812.0,7812.0,0.000,2.541,0.424,499.213,SetA_11x5S5-Solution
SetA_11x5S5,GRASP_VND,DoorSwap-Reloc-Swap,1000000,7812.0,7812.0,0.000,25.627,0.424,5944.142,SetA_11x5S5-Solution
SetA_11x5S5,GRASP_VND,Reloc-Swap-DoorSwap,1000000,7812.0,7812.0,0.000,24.299,0.424,5630.966,SetA_11x5S5-Solution
SetA_12x5S10,GRASP_VND,DoorSwap-Reloc-Swap,1,8548.0,7978.0,7.145,0.012,1.414,-99.161,SetA_12x5S10-Solution
SetA_12x5S10,GRASP_VND,Reloc-Swap-DoorSwap,1,8275.0,7978.0,3.723,0.010,1.414,-99.268,SetA_12x5S10-Solution
SetA_12x5S10,GRASP_VND,DoorSwap-Reloc-Swap,10,8283.0,7978.0,3.823,0.017,1.414,-98.828,SetA_12x5S10-Solution
SetA_12x5S10,GRASP_VND,Reloc-Swap-DoorSwap,10,8226.0,7978.0,3.109,0.019,1.414,-98.650,SetA_12x5S10-Solution
SetA_12x5S10,GRASP_VND,DoorSwap-Reloc-Swap,100,8060.0,7978.0,1.028,0.036,1.414,-97.465,SetA_12x5S10-Solution
SetA_12x5S10,GRASP_VND,Reloc-Swap-DoorSwap,100,8148.0,7978.0,2.131,0.035,1.414,-97.555,SetA_12x5S10-Solution
SetA_12x5S10,GRASP_VND,DoorSwap-Reloc-Swap,1000,8062.0,7978.0,1.053,0.093,1.414,-93.393,SetA_12x5S10-Solution
SetA_12x5S10,GRASP_VND,Reloc-Swap-DoorSwap,1000,8089.0,7978.0,1.391,0.099,1.414,-93.003,SetA_12x5S10-Solution
SetA_12x5S10,GRASP_VND,DoorSwap-Reloc-Swap,10000,8022.0,7978.0,0.552,0.196,1.414,-86.161,SetA_12x5S10-Solution
SetA_12x5S10,GRASP_VND,Reloc-Swap-DoorSwap,10000,7998.0,7978.0,0.251,0.208,1.414,-85.323,SetA_12x5S10-Solution
SetA_12x5S10,GRASP_VND,DoorSwap-Reloc-Swap,100000,8057.0,7978.0,0.990,0.727,1.414,-48.601,SetA_12x5S10-Solution
SetA_12x5S10,GRASP_VND,Reloc-Swap-DoorSwap,100000,8008.0,7978.0,0.376,0.737,1.414,-47.865,SetA_12x5S10-Solution
SetA_12x5S10,GRASP_VND,DoorSwap-Reloc-Swap,1000000,8025.0,7978.0,0.589,6.034,1.414,326.708,SetA_12x5S10-Solution
SetA_12x5S10,GRASP_VND,Reloc-Swap-DoorSwap,1000000,8018.0,7978.0,0.501,5.659,1.414,300.218,SetA_12x5S10-Solution
SetA_12x5S15,GRASP_VND,DoorSwap-Reloc-Swap,1,8319.0,7939.0,4.786,0.012,1.127,-98.961,SetA_12x5S15-Solution
SetA_12x5S15,GRASP_VND,Reloc-Swap-DoorSwap,1,8336.0,7939.0,5.001,0.011,1.127,-99.030,SetA_12x5S15-Solution
SetA_12x5S15,GRASP_VND,DoorSwap-Reloc-Swap,10,8170.0,7939.0,2.910,0.022,1.127,-98.067,SetA_12x5S15-Solution
SetA_12x5S15,GRASP_VND,Reloc-Swap-DoorSwap,10,8188.0,7939.0,3.136,0.018,1.127,-98.392,SetA_12x5S15-Solution
SetA_12x5S15,GRASP_VND,DoorSwap-Reloc-Swap,100,8064.0,7939.0,1.575,0.038,1.127,-96.593,SetA_12x5S15-Solution
SetA_12x5S15,GRASP_VND,Reloc-Swap-DoorSwap,100,7996.0,7939.0,0.718,0.036,1.127,-96.801,SetA_12x5S15-Solution
SetA_12x5S15,GRASP_VND,DoorSwap-Reloc-Swap,1000,7988.0,7939.0,0.617,0.099,1.127,-91.191,SetA_12x5S15-Solution
SetA_12x5S15,GRASP_VND,Reloc-Swap-DoorSwap,1000,8025.0,7939.0,1.083,0.095,1.127,-91.556,SetA_12x5S15-Solution
SetA_12x5S15,GRASP_VND,DoorSwap-Reloc-Swap,10000,7988.0,7939.0,0.617,0.208,1.127,-81.525,SetA_12x5S15-Solution
SetA_12x5S15,GRASP_VND,Reloc-Swap-DoorSwap,10000,8016.0,7939.0,0.970,0.187,1.127,-83.400,SetA_12x5S15-Solution
SetA_12x5S15,GRASP_VND,DoorSwap-Reloc-Swap,100000,7950.0,7939.0,0.139,0.785,1.127,-30.311,SetA_12x5S15-Solution
SetA_12x5S15,GRASP_VND,Reloc-Swap-DoorSwap,100000,7950.0,7939.0,0.139,0.751,1.127,-33.363,SetA_12x5S15-Solution
SetA_12x5S15,GRASP_VND,DoorSwap-Reloc-Swap,1000000,7939.0,7939.0,0.000,6.039,1.127,435.872,SetA_12x5S15-Solution
SetA_12x5S15,GRASP_VND,Reloc-Swap-DoorSwap,1000000,8013.0,7939.0,0.932,6.228,1.127,452.594,SetA_12x5S15-Solution
SetA_12x5S20,GRASP_VND,DoorSwap-Reloc-Swap,1,8257.0,7939.0,4.006,0.012,1.932,-99.384,SetA_12x5S20-Solution
SetA_12x5S20,GRASP_VND,Reloc-Swap-DoorSwap,1,8389.0,7939.0,5.668,0.010,1.932,-99.474,SetA_12x5S20-Solution
SetA_12x5S20,GRASP_VND,DoorSwap-Reloc-Swap,10,8142.0,7939.0,2.557,0.020,1.932,-98.989,SetA_12x5S20-Solution
SetA_12x5S20,GRASP_VND,Reloc-Swap-DoorSwap,10,8061.0,7939.0,1.537,0.023,1.932,-98.830,SetA_12x5S20-Solution
SetA_12x5S20,GRASP_VND,DoorSwap-Reloc-Swap,100,8005.0,7939.0,0.831,0.044,1.932,-97.706,SetA_12x5S20-Solution
SetA_12x5S20,GRASP_VND,Reloc-Swap-DoorSwap,100,8018.0,7939.0,0.995,0.036,1.932,-98.146,SetA_12x5S20-Solution
SetA_12x5S20,GRASP_VND,DoorSwap-Reloc-Swap,1000,7976.0,7939.0,0.466,0.112,1.932,-94.213,SetA_12x5S20-Solution
SetA_12x5S20,GRASP_VND,Reloc-Swap-DoorSwap,1000,7978.0,7939.0,0.491,0.090,1.932,-95.364,SetA_12x5S20-Solution
SetA_12x5S20,GRASP_VND,DoorSwap-Reloc-Swap,10000,7978.0,7939.0,0.491,0.261,1.932,-86.510,SetA_12x5S20-Solution
SetA_12x5S20,GRASP_VND,Reloc-Swap-DoorSwap,10000,7986.0,7939.0,0.592,0.186,1.932,-90.376,SetA_12x5S20-Solution
SetA_12x5S20,GRASP_VND,DoorSwap-Reloc-Swap,100000,7966.0,7939.0,0.340,0.819,1.932,-57.632,SetA_12x5S20-Solution
SetA_12x5S20,GRASP_VND,Reloc-Swap-DoorSwap,100000,7987.0,7939.0,0.605,0.834,1.932,-56.821,SetA_12x5S20-Solution
SetA_12x5S20,GRASP_VND,DoorSwap-Reloc-Swap,1000000,7986.0,7939.0,0.592,6.529,1.932,237.921,SetA_12x5S20-Solution
SetA_12x5S20,GRASP_VND,Reloc-Swap-DoorSwap,1000000,7961.0,7939.0,0.277,6.596,1.932,241.402,SetA_12x5S20-Solution
SetA_12x5S30,GRASP_VND,DoorSwap-Reloc-Swap,1,8177.0,7923.0,3.206,0.012,1.978,-99.385,SetA_12x5S30-Solution
SetA_12x5S30,GRASP_VND,Reloc-Swap-DoorSwap,1,8228.0,7923.0,3.850,0.010,1.978,-99.475,SetA_12x5S30-Solution
SetA_12x5S30,GRASP_VND,DoorSwap-Reloc-Swap,10,8105.0,7923.0,2.297,0.019,1.978,-99.034,SetA_12x5S30-Solution
SetA_12x5S30,GRASP_VND,Reloc-Swap-DoorSwap,10,8086.0,7923.0,2.057,0.017,1.978,-99.125,SetA_12x5S30-Solution
SetA_12x5S30,GRASP_VND,DoorSwap-Reloc-Swap,100,8028.0,7923.0,1.325,0.042,1.978,-97.863,SetA_12x5S30-Solution
SetA_12x5S30,GRASP_VND,Reloc-Swap-DoorSwap,100,7981.0,7923.0,0.732,0.040,1.978,-97.995,SetA_12x5S30-Solution
SetA_12x5S30,GRASP_VND,DoorSwap-Reloc-Swap,1000,7986.0,7923.0,0.795,0.125,1.978,-93.669,SetA_12x5S30-Solution
SetA_12x5S30,GRASP_VND,Reloc-Swap-DoorSwap,1000,7948.0,7923.0,0.316,0.099,1.978,-94.973,SetA_12x5S30-Solution
SetA_12x5S30,GRASP_VND,DoorSwap-Reloc-Swap,10000,7945.0,7923.0,0.278,0.261,1.978,-86.829,SetA_12x5S30-Solution
SetA_12x5S30,GRASP_VND,Reloc-Swap-DoorSwap,10000,7975.0,7923.0,0.656,0.204,1.978,-89.662,SetA_12x5S30-Solution
SetA_12x5S30,GRASP_VND,DoorSwap-Reloc-Swap,100000,7974.0,7923.0,0.644,0.927,1.978,-53.149,SetA_12x5S30-Solution
SetA_12x5S30,GRASP_VND,Reloc-Swap-DoorSwap,100000,7959.0,7923.0,0.454,0.888,1.978,-55.099,SetA_12x5S30-Solution
SetA_12x5S30,GRASP_VND,DoorSwap-Reloc-Swap,1000000,7934.0,7923.0,0.139,7.106,1.978,259.269,SetA_12x5S30-Solution
SetA_12x5S30,GRASP_VND,Reloc-Swap-DoorSwap,1000000,7945.0,7923.0,0.278,7.193,1.978,263.652,SetA_12x5S30-Solution
SetA_12x5S5,GRASP_VND,DoorSwap-Reloc-Swap,1,8376.0,8072.0,3.766,0.012,0.145,-91.891,SetA_12x5S5-Solution
SetA_12x5S5,GRASP_VND,Reloc-Swap-DoorSwap,1,8532.0,8072.0,5.699,0.012,0.145,-91.675,SetA_12x5S5-Solution
SetA_12x5S5,GRASP_VND,DoorSwap-Reloc-Swap,10,8245.0,8072.0,2.143,0.018,0.145,-87.587,SetA_12x5S5-Solution
SetA_12x5S5,GRASP_VND,Reloc-Swap-DoorSwap,10,8268.0,8072.0,2.428,0.018,0.145,-87.375,SetA_12x5S5-Solution
SetA_12x5S5,GRASP_VND,DoorSwap-Reloc-Swap,100,8113.0,8072.0,0.508,0.036,0.145,-75.017,SetA_12x5S5-Solution
SetA_12x5S5,GRASP_VND,Reloc-Swap-DoorSwap,100,8174.0,8072.0,1.264,0.038,0.145,-73.881,SetA_12x5S5-Solution
SetA_12x5S5,GRASP_VND,DoorSwap-Reloc-Swap,1000,8136.0,8072.0,0.793,0.107,0.145,-26.045,SetA_12x5S5-Solution
SetA_12x5S5,GRASP_VND,Reloc-Swap-DoorSwap,1000,8122.0,8072.0,0.619,0.109,0.145,-24.773,SetA_12x5S5-Solution
SetA_12x5S5,GRASP_VND,DoorSwap-Reloc-Swap,10000,8136.0,8072.0,0.793,0.261,0.145,80.329,SetA_12x5S5-Solution
SetA_12x5S5,GRASP_VND,Reloc-Swap-DoorSwap,10000,8136.0,8072.0,0.793,0.246,0.145,69.384,SetA_12x5S5-Solution
SetA_12x5S5,GRASP_VND,DoorSwap-Reloc-Swap,100000,8088.0,8072.0,0.198,1.390,0.145,858.795,SetA_12x5S5-Solution
SetA_12x5S5,GRASP_VND,Reloc-Swap-DoorSwap,100000,8097.0,8072.0,0.310,1.453,0.145,902.353,SetA_12x5S5-Solution
SetA_12x5S5,GRASP_VND,DoorSwap-Reloc-Swap,1000000,8072.0,8072.0,0.000,12.104,0.145,8247.602,SetA_12x5S5-Solution
SetA_12x5S5,GRASP_VND,Reloc-Swap-DoorSwap,1000000,8072.0,8072.0,0.000,12.430,0.145,8472.102,SetA_12x5S5-Solution
SetA_12x6S10,GRASP_VND,DoorSwap-Reloc-Swap,1,10873.0,10456.0,3.988,0.013,3.357,-99.623,SetA_12x6S10-Solution
SetA_12x6S10,GRASP_VND,Reloc-Swap-DoorSwap,1,10793.0,10456.0,3.223,0.013,3.357,-99.599,SetA_12x6S10-Solution
SetA_12x6S10,GRASP_VND,DoorSwap-Reloc-Swap,10,10784.0,10456.0,3.137,0.019,3.357,-99.436,SetA_12x6S10-Solution
SetA_12x6S10,GRASP_VND,Reloc-Swap-DoorSwap,10,10531.0,10456.0,0.717,0.019,3.357,-99.448,SetA_12x6S10-Solution
SetA_12x6S10,GRASP_VND,DoorSwap-Reloc-Swap,100,10675.0,10456.0,2.094,0.041,3.357,-98.771,SetA_12x6S10-Solution
SetA_12x6S10,GRASP_VND,Reloc-Swap-DoorSwap,100,10671.0,10456.0,2.056,0.039,3.357,-98.829,SetA_12x6S10-Solution
SetA_12x6S10,GRASP_VND,DoorSwap-Reloc-Swap,1000,10545.0,10456.0,0.851,0.129,3.357,-96.162,SetA_12x6S10-Solution
SetA_12x6S10,GRASP_VND,Reloc-Swap-DoorSwap,1000,10533.0,10456.0,0.736,0.110,3.357,-96.729,SetA_12x6S10-Solution
SetA_12x6S10,GRASP_VND,DoorSwap-Reloc-Swap,10000,10542.0,10456.0,0.822,0.250,3.357,-92.539,SetA_12x6S10-Solution
SetA_12x6S10,GRASP_VND,Reloc-Swap-DoorSwap,10000,10567.0,10456.0,1.062,0.259,3.357,-92.274,SetA_12x6S10-Solution
SetA_12x6S10,GRASP_VND,DoorSwap-Reloc-Swap,100000,10517.0,10456.0,0.583,0.823,3.357,-75.492,SetA_12x6S10-Solution
SetA_12x6S10,GRASP_VND,Reloc-Swap-DoorSwap,100000,10559.0,10456.0,0.985,0.859,3.357,-74.403,SetA_12x6S10-Solution
SetA_12x6S10,GRASP_VND,DoorSwap-Reloc-Swap,1000000,10515.0,10456.0,0.564,6.279,3.357,87.048,SetA_12x6S10-Solution
SetA_12x6S10,GRASP_VND,Reloc-Swap-DoorSwap,1000000,10541.0,10456.0,0.813,6.154,3.357,83.316,SetA_12x6S10-Solution
SetA_12x6S15,GRASP_VND,DoorSwap-Reloc-Swap,1,10803.0,10362.0,4.256,0.012,1.457,-99.203,SetA_12x6S15-Solution
SetA_12x6S15,GRASP_VND,Reloc-Swap-DoorSwap,1,10704.0,10362.0,3.301,0.011,1.457,-99.237,SetA_12x6S15-Solution
SetA_12x6S15,GRASP_VND,DoorSwap-Reloc-Swap,10,10826.0,10362.0,4.478,0.019,1.457,-98.694,SetA_12x6S15-Solution
SetA_12x6S15,GRASP_VND,Reloc-Swap-DoorSwap,10,10538.0,10362.0,1.699,0.020,1.457,-98.653,SetA_12x6S15-Solution
SetA_12x6S15,GRASP_VND,DoorSwap-Reloc-Swap,100,10584.0,10362.0,2.142,0.044,1.457,-96.967,SetA_12x6S15-Solution
SetA_12x6S15,GRASP_VND,Reloc-Swap-DoorSwap,100,10539.0,10362.0,1.708,0.038,1.457,-97.381,SetA_12x6S15-Solution
SetA_12x6S15,GRASP_VND,DoorSwap-Reloc-Swap,1000,10481.0,10362.0,1.148,0.127,1.457,-91.308,SetA_12x6S15-Solution
SetA_12x6S15,GRASP_VND,Reloc-Swap-DoorSwap,1000,10505.0,10362.0,1.380,0.116,1.457,-92.056,SetA_12x6S15-Solution
SetA_12x6S15,GRASP_VND,DoorSwap-Reloc-Swap,10000,10447.0,10362.0,0.820,0.300,1.457,-79.396,SetA_12x6S15-Solution
SetA_12x6S15,GRASP_VND,Reloc-Swap-DoorSwap,10000,10443.0,10362.0,0.782,0.277,1.457,-80.955,SetA_12x6S15-Solution
SetA_12x6S15,GRASP_VND,DoorSwap-Reloc-Swap,100000,10470.0,10362.0,1.042,0.948,1.457,-34.962,SetA_12x6S15-Solution
SetA_12x6S15,GRASP_VND,Reloc-Swap-DoorSwap,100000,10475.0,10362.0,1.091,0.894,1.457,-38.654,SetA_12x6S15-Solution
SetA_12x6S15,GRASP_VND,DoorSwap-Reloc-Swap,1000000,10461.0,10362.0,0.955,6.939,1.457,376.262,SetA_12x6S15-Solution
SetA_12x6S15,GRASP_VND,Reloc-Swap-DoorSwap,1000000,10461.0,10362.0,0.955,6.816,1.457,367.779,SetA_12x6S15-Solution
SetA_12x6S20,GRASP_VND,DoorSwap-Reloc-Swap,1,10874.0,10312.0,5.450,0.013,1.654,-99.238,SetA_12x6S20-Solution
SetA_12x6S20,GRASP_VND,Reloc-Swap-DoorSwap,1,10606.0,10312.0,2.851,0.013,1.654,-99.237,SetA_12x6S20-Solution
SetA_12x6S20,GRASP_VND,DoorSwap-Reloc-Swap,10,10683.0,10312.0,3.598,0.020,1.654,-98.764,SetA_12x6S20-Solution
SetA_12x6S20,GRASP_VND,Reloc-Swap-DoorSwap,10,10538.0,10312.0,2.192,0.019,1.654,-98.852,SetA_12x6S20-Solution
SetA_12x6S20,GRASP_VND,DoorSwap-Reloc-Swap,100,10339.0,10312.0,0.262,0.045,1.654,-97.251,SetA_12x6S20-Solution
SetA_12x6S20,GRASP_VND,Reloc-Swap-DoorSwap,100,10425.0,10312.0,1.096,0.041,1.654,-97.519,SetA_12x6S20-Solution
SetA_12x6S20,GRASP_VND,DoorSwap-Reloc-Swap,1000,10417.0,10312.0,1.018,0.141,1.654,-91.480,SetA_12x6S20-Solution
SetA_12x6S20,GRASP_VND,Reloc-Swap-DoorSwap,1000,10403.0,10312.0,0.882,0.110,1.654,-93.347,SetA_12x6S20-Solution
SetA_12x6S20,GRASP_VND,DoorSwap-Reloc-Swap,10000,10377.0,10312.0,0.630,0.303,1.654,-81.662,SetA_12x6S20-Solution
SetA_12x6S20,GRASP_VND,Reloc-Swap-DoorSwap,10000,10333.0,10312.0,0.204,0.243,1.654,-85.305,SetA_12x6S20-Solution
SetA_12x6S20,GRASP_VND,DoorSwap-Reloc-Swap,100000,10393.0,10312.0,0.785,1.009,1.654,-39.006,SetA_12x6S20-Solution
SetA_12x6S20,GRASP_VND,Reloc-Swap-DoorSwap,100000,10374.0,10312.0,0.601,0.931,1.654,-43.715,SetA_12x6S20-Solution
SetA_12x6S20,GRASP_VND,DoorSwap-Reloc-Swap,1000000,10369.0,10312.0,0.553,7.307,1.654,341.806,SetA_12x6S20-Solution
SetA_12x6S20,GRASP_VND,Reloc-Swap-DoorSwap,1000000,10369.0,10312.0,0.553,7.366,1.654,345.365,SetA_12x6S20-Solution
SetA_12x6S30,GRASP_VND,DoorSwap-Reloc-Swap,1,10615.0,10228.0,3.784,0.012,1.589,-99.235,SetA_12x6S30-Solution
SetA_12x6S30,GRASP_VND,Reloc-Swap-DoorSwap,1,10683.0,10228.0,4.449,0.012,1.589,-99.266,SetA_12x6S30-Solution
SetA_12x6S30,GRASP_VND,DoorSwap-Reloc-Swap,10,10542.0,10228.0,3.070,0.021,1.589,-98.682,SetA_12x6S30-Solution
SetA_12x6S30,GRASP_VND,Reloc-Swap-DoorSwap,10,10405.0,10228.0,1.731,0.018,1.589,-98.882,SetA_12x6S30-Solution
SetA_12x6S30,GRASP_VND,DoorSwap-Reloc-Swap,100,10326.0,10228.0,0.958,0.048,1.589,-96.993,SetA_12x6S30-Solution
SetA_12x6S30,GRASP_VND,Reloc-Swap-DoorSwap,100,10378.0,10228.0,1.467,0.042,1.589,-97.352,SetA_12x6S30-Solution
SetA_12x6S30,GRASP_VND,DoorSwap-Reloc-Swap,1000,10359.0,10228.0,1.281,0.162,1.589,-89.774,SetA_12x6S30-Solution
SetA_12x6S30,GRASP_VND,Reloc-Swap-DoorSwap,1000,10296.0,10228.0,0.665,0.117,1.589,-92.640,SetA_12x6S30-Solution
SetA_12x6S30,GRASP_VND,DoorSwap-Reloc-Swap,10000,10345.0,10228.0,1.144,0.329,1.589,-79.274,SetA_12x6S30-Solution
SetA_12x6S30,GRASP_VND,Reloc-Swap-DoorSwap,10000,10315.0,10228.0,0.851,0.274,1.589,-82.757,SetA_12x6S30-Solution
SetA_12x6S30,GRASP_VND,DoorSwap-Reloc-Swap,100000,10285.0,10228.0,0.557,1.076,1.589,-32.296,SetA_12x6S30-Solution
SetA_12x6S30,GRASP_VND,Reloc-Swap-DoorSwap,100000,10309.0,10228.0,0.792,1.037,1.589,-34.735,SetA_12x6S30-Solution
SetA_12x6S30,GRASP_VND,DoorSwap-Reloc-Swap,1000000,10266.0,10228.0,0.372,8.015,1.589,404.420,SetA_12x6S30-Solution
SetA_12x6S30,GRASP_VND,Reloc-Swap-DoorSwap,1000000,10263.0,10228.0,0.342,8.007,1.589,403.887,SetA_12x6S30-Solution
SetA_12x6S5,GRASP_VND,DoorSwap-Reloc-Swap,1,11135.0,10891.0,2.240,0.012,2.255,-99.484,SetA_12x6S5-Solution
SetA_12x6S5,GRASP_VND,Reloc-Swap-DoorSwap,1,11094.0,10891.0,1.864,0.011,2.255,-99.518,SetA_12x6S5-Solution
SetA_12x6S5,GRASP_VND,DoorSwap-Reloc-Swap,10,11016.0,10891.0,1.148,0.021,2.255,-99.071,SetA_12x6S5-Solution
SetA_12x6S5,GRASP_VND,Reloc-Swap-DoorSwap,10,10959.0,10891.0,0.624,0.018,2.255,-99.181,SetA_12x6S5-Solution
SetA_12x6S5,GRASP_VND,DoorSwap-Reloc-Swap,100,10908.0,10891.0,0.156,0.040,2.255,-98.207,SetA_12x6S5-Solution
SetA_12x6S5,GRASP_VND,Reloc-Swap-DoorSwap,100,10950.0,10891.0,0.542,0.043,2.255,-98.112,SetA_12x6S5-Solution
SetA_12x6S5,GRASP_VND,DoorSwap-Reloc-Swap,1000,10904.0,10891.0,0.119,0.108,2.255,-95.208,SetA_12x6S5-Solution
SetA_12x6S5,GRASP_VND,Reloc-Swap-DoorSwap,1000,10908.0,10891.0,0.156,0.110,2.255,-95.138,SetA_12x6S5-Solution
SetA_12x6S5,GRASP_VND,DoorSwap-Reloc-Swap,10000,10891.0,10891.0,0.000,0.249,2.255,-88.938,SetA_12x6S5-Solution
SetA_12x6S5,GRASP_VND,Reloc-Swap-DoorSwap,10000,10891.0,10891.0,0.000,0.249,2.255,-88.965,SetA_12x6S5-Solution
SetA_12x6S5,GRASP_VND,DoorSwap-Reloc-Swap,100000,10894.0,10891.0,0.028,1.183,2.255,-47.552,SetA_12x6S5-Solution
SetA_12x6S5,GRASP_VND,Reloc-Swap-DoorSwap,100000,10891.0,10891.0,0.000,1.152,2.255,-48.906,SetA_12x6S5-Solution
SetA_12x6S5,GRASP_VND,DoorSwap-Reloc-Swap,1000000,10891.0,10891.0,0.000,9.976,2.255,342.386,SetA_12x6S5-Solution
SetA_12x6S5,GRASP_VND,Reloc-Swap-DoorSwap,1000000,10891.0,10891.0,0.000,9.759,2.255,332.769,SetA_12x6S5-Solution
SetA_15x6S10,GRASP_VND,DoorSwap-Reloc-Swap,1,14730.0,13803.0,6.716,0.014,42.626,-99.968,SetA_15x6S10-Solution
SetA_15x6S10,GRASP_VND,Reloc-Swap-DoorSwap,1,14765.0,13803.0,6.969,0.011,42.626,-99.975,SetA_15x6S10-Solution
SetA_15x6S10,GRASP_VND,DoorSwap-Reloc-Swap,10,14349.0,13803.0,3.956,0.021,42.626,-99.951,SetA_15x6S10-Solution
SetA_15x6S10,GRASP_VND,Reloc-Swap-DoorSwap,10,14364.0,13803.0,4.064,0.022,42.626,-99.949,SetA_15x6S10-Solution
SetA_15x6S10,GRASP_VND,DoorSwap-Reloc-Swap,100,14260.0,13803.0,3.311,0.051,42.626,-99.880,SetA_15x6S10-Solution
SetA_15x6S10,GRASP_VND,Reloc-Swap-DoorSwap,100,14196.0,13803.0,2.847,0.048,42.626,-99.887,SetA_15x6S10-Solution
SetA_15x6S10,GRASP_VND,DoorSwap-Reloc-Swap,1000,14089.0,13803.0,2.072,0.156,42.626,-99.635,SetA_15x6S10-Solution
SetA_15x6S10,GRASP_VND,Reloc-Swap-DoorSwap,1000,14076.0,13803.0,1.978,0.137,42.626,-99.680,SetA_15x6S10-Solution
SetA_15x6S10,GRASP_VND,DoorSwap-Reloc-Swap,10000,13975.0,13803.0,1.246,0.348,42.626,-99.185,SetA_15x6S10-Solution
SetA_15x6S10,GRASP_VND,Reloc-Swap-DoorSwap,10000,14015.0,13803.0,1.536,0.362,42.626,-99.151,SetA_15x6S10-Solution
SetA_15x6S10,GRASP_VND,DoorSwap-Reloc-Swap,100000,14046.0,13803.0,1.760,1.223,42.626,-97.130,SetA_15x6S10-Solution
SetA_15x6S10,GRASP_VND,Reloc-Swap-DoorSwap,100000,13955.0,13803.0,1.101,1.187,42.626,-97.215,SetA_15x6S10-Solution
SetA_15x6S10,GRASP_VND,DoorSwap-Reloc-Swap,1000000,13974.0,13803.0,1.239,9.237,42.626,-78.329,SetA_15x6S10-Solution
SetA_15x6S10,GRASP_VND,Reloc-Swap-DoorSwap,1000000,13980.0,13803.0,1.282,9.200,42.626,-78.417,SetA_15x6S10-Solution
SetA_15x6S15,GRASP_VND,DoorSwap-Reloc-Swap,1,14630.0,13765.0,6.284,0.012,47.19,-99.975,SetA_15x6S15-Solution
SetA_15x6S15,GRASP_VND,Reloc-Swap-DoorSwap,1,14727.0,13765.0,6.989,0.011,47.19,-99.977,SetA_15x6S15-Solution
SetA_15x6S15,GRASP_VND,DoorSwap-Reloc-Swap,10,14197.0,13765.0,3.138,0.021,47.19,-99.956,SetA_15x6S15-Solution
SetA_15x6S15,GRASP_VND,Reloc-Swap-DoorSwap,10,14308.0,13765.0,3.945,0.020,47.19,-99.959,SetA_15x6S15-Solution
SetA_15x6S15,GRASP_VND,DoorSwap-Reloc-Swap,100,13903.0,13765.0,1.003,0.048,47.19,-99.899,SetA_15x6S15-Solution
SetA_15x6S15,GRASP_VND,Reloc-Swap-DoorSwap,100,13960.0,13765.0,1.417,0.047,47.19,-99.900,SetA_15x6S15-Solution
SetA_15x6S15,GRASP_VND,DoorSwap-Reloc-Swap,1000,13934.0,13765.0,1.228,0.167,47.19,-99.645,SetA_15x6S15-Solution
SetA_15x6S15,GRASP_VND,Reloc-Swap-DoorSwap,1000,13891.0,13765.0,0.915,0.137,47.19,-99.710,SetA_15x6S15-Solution
SetA_15x6S15,GRASP_VND,DoorSwap-Reloc-Swap,10000,13897.0,13765.0,0.959,0.380,47.19,-99.194,SetA_15x6S15-Solution
SetA_15x6S15,GRASP_VND,Reloc-Swap-DoorSwap,10000,13859.0,13765.0,0.683,0.322,47.19,-99.318,SetA_15x6S15-Solution
SetA_15x6S15,GRASP_VND,DoorSwap-Reloc-Swap,100000,13881.0,13765.0,0.843,1.317,47.19,-97.209,SetA_15x6S15-Solution
SetA_15x6S15,GRASP_VND,Reloc-Swap-DoorSwap,100000,13907.0,13765.0,1.032,1.250,47.19,-97.351,SetA_15x6S15-Solution
SetA_15x6S15,GRASP_VND,DoorSwap-Reloc-Swap,1000000,13867.0,13765.0,0.741,9.978,47.19,-78.857,SetA_15x6S15-Solution
SetA_15x6S15,GRASP_VND,Reloc-Swap-DoorSwap,1000000,13924.0,13765.0,1.155,10.151,47.19,-78.489,SetA_15x6S15-Solution
SetA_15x6S20,GRASP_VND,DoorSwap-Reloc-Swap,1,14496.0,13720.0,5.656,0.012,48.126,-99.975,SetA_15x6S20-Solution
SetA_15x6S20,GRASP_VND,Reloc-Swap-DoorSwap,1,14329.0,13720.0,4.439,0.012,48.126,-99.976,SetA_15x6S20-Solution
SetA_15x6S20,GRASP_VND,DoorSwap-Reloc-Swap,10,14147.0,13720.0,3.112,0.021,48.126,-99.956,SetA_15x6S20-Solution
SetA_15x6S20,GRASP_VND,Reloc-Swap-DoorSwap,10,13992.0,13720.0,1.983,0.019,48.126,-99.960,SetA_15x6S20-Solution
SetA_15x6S20,GRASP_VND,DoorSwap-Reloc-Swap,100,13941.0,13720.0,1.611,0.052,48.126,-99.893,SetA_15x6S20-Solution
SetA_15x6S20,GRASP_VND,Reloc-Swap-DoorSwap,100,13985.0,13720.0,1.931,0.047,48.126,-99.902,SetA_15x6S20-Solution
SetA_15x6S20,GRASP_VND,DoorSwap-Reloc-Swap,1000,13817.0,13720.0,0.707,0.186,48.126,-99.613,SetA_15x6S20-Solution
SetA_15x6S20,GRASP_VND,Reloc-Swap-DoorSwap,1000,13880.0,13720.0,1.166,0.139,48.126,-99.712,SetA_15x6S20-Solution
SetA_15x6S20,GRASP_VND,DoorSwap-Reloc-Swap,10000,13866.0,13720.0,1.064,0.425,48.126,-99.116,SetA_15x6S20-Solution
SetA_15x6S20,GRASP_VND,Reloc-Swap-DoorSwap,10000,13891.0,13720.0,1.246,0.329,48.126,-99.316,SetA_15x6S20-Solution
SetA_15x6S20,GRASP_VND,DoorSwap-Reloc-Swap,100000,13835.0,13720.0,0.838,1.422,48.126,-97.046,SetA_15x6S20-Solution
SetA_15x6S20,GRASP_VND,Reloc-Swap-DoorSwap,100000,13841.0,13720.0,0.882,1.321,48.126,-97.255,SetA_15x6S20-Solution
SetA_15x6S20,GRASP_VND,DoorSwap-Reloc-Swap,1000000,13791.0,13720.0,0.517,10.424,48.126,-78.341,SetA_15x6S20-Solution
SetA_15x6S20,GRASP_VND,Reloc-Swap-DoorSwap,1000000,13809.0,13720.0,0.649,10.245,48.126,-78.711,SetA_15x6S20-Solution
SetA_15x6S30,GRASP_VND,DoorSwap-Reloc-Swap,1,14384.0,13567.0,6.022,0.012,53.878,-99.977,SetA_15x6S30-Solution
SetA_15x6S30,GRASP_VND,Reloc-Swap-DoorSwap,1,14350.0,13567.0,5.771,0.012,53.878,-99.978,SetA_15x6S30-Solution
SetA_15x6S30,GRASP_VND,DoorSwap-Reloc-Swap,10,13907.0,13567.0,2.506,0.027,53.878,-99.951,SetA_15x6S30-Solution
SetA_15x6S30,GRASP_VND,Reloc-Swap-DoorSwap,10,13816.0,13567.0,1.835,0.022,53.878,-99.960,SetA_15x6S30-Solution
SetA_15x6S30,GRASP_VND,DoorSwap-Reloc-Swap,100,13776.0,13567.0,1.541,0.064,53.878,-99.881,SetA_15x6S30-Solution
SetA_15x6S30,GRASP_VND,Reloc-Swap-DoorSwap,100,13835.0,13567.0,1.975,0.049,53.878,-99.910,SetA_15x6S30-Solution
SetA_15x6S30,GRASP_VND,DoorSwap-Reloc-Swap,1000,13730.0,13567.0,1.201,0.217,53.878,-99.597,SetA_15x6S30-Solution
SetA_15x6S30,GRASP_VND,Reloc-Swap-DoorSwap,1000,13775.0,13567.0,1.533,0.167,53.878,-99.690,SetA_15x6S30-Solution
SetA_15x6S30,GRASP_VND,DoorSwap-Reloc-Swap,10000,13658.0,13567.0,0.671,0.492,53.878,-99.086,SetA_15x6S30-Solution
SetA_15x6S30,GRASP_VND,Reloc-Swap-DoorSwap,10000,13700.0,13567.0,0.980,0.421,53.878,-99.219,SetA_15x6S30-Solution
SetA_15x6S30,GRASP_VND,DoorSwap-Reloc-Swap,100000,13642.0,13567.0,0.553,1.550,53.878,-97.124,SetA_15x6S30-Solution
SetA_15x6S30,GRASP_VND,Reloc-Swap-DoorSwap,100000,13610.0,13567.0,0.317,1.472,53.878,-97.269,SetA_15x6S30-Solution
SetA_15x6S30,GRASP_VND,DoorSwap-Reloc-Swap,1000000,13671.0,13567.0,0.767,11.841,53.878,-78.023,SetA_15x6S30-Solution
SetA_15x6S30,GRASP_VND,Reloc-Swap-DoorSwap,1000000,13676.0,13567.0,0.803,11.793,53.878,-78.112,SetA_15x6S30-Solution
SetA_15x6S5,GRASP_VND,DoorSwap-Reloc-Swap,1,14697.0,13927.0,5.529,0.013,39.34,-99.966,SetA_15x6S5-Solution
SetA_15x6S5,GRASP_VND,Reloc-Swap-DoorSwap,1,14854.0,13927.0,6.656,0.013,39.34,-99.968,SetA_15x6S5-Solution
SetA_15x6S5,GRASP_VND,DoorSwap-Reloc-Swap,10,14544.0,13927.0,4.430,0.023,39.34,-99.943,SetA_15x6S5-Solution
SetA_15x6S5,GRASP_VND,Reloc-Swap-DoorSwap,10,14614.0,13927.0,4.933,0.021,39.34,-99.945,SetA_15x6S5-Solution
SetA_15x6S5,GRASP_VND,DoorSwap-Reloc-Swap,100,14395.0,13927.0,3.360,0.053,39.34,-99.864,SetA_15x6S5-Solution
SetA_15x6S5,GRASP_VND,Reloc-Swap-DoorSwap,100,14436.0,13927.0,3.655,0.049,39.34,-99.875,SetA_15x6S5-Solution
SetA_15x6S5,GRASP_VND,DoorSwap-Reloc-Swap,1000,14086.0,13927.0,1.142,0.157,39.34,-99.602,SetA_15x6S5-Solution
SetA_15x6S5,GRASP_VND,Reloc-Swap-DoorSwap,1000,14230.0,13927.0,2.176,0.152,39.34,-99.615,SetA_15x6S5-Solution
SetA_15x6S5,GRASP_VND,DoorSwap-Reloc-Swap,10000,14163.0,13927.0,1.695,0.419,39.34,-98.935,SetA_15x6S5-Solution
SetA_15x6S5,GRASP_VND,Reloc-Swap-DoorSwap,10000,14195.0,13927.0,1.924,0.427,39.34,-98.915,SetA_15x6S5-Solution
SetA_15x6S5,GRASP_VND,DoorSwap-Reloc-Swap,100000,14093.0,13927.0,1.192,2.236,39.34,-94.316,SetA_15x6S5-Solution
SetA_15x6S5,GRASP_VND,Reloc-Swap-DoorSwap,100000,14144.0,13927.0,1.558,2.225,39.34,-94.344,SetA_15x6S5-Solution
SetA_15x6S5,GRASP_VND,DoorSwap-Reloc-Swap,1000000,14071.0,13927.0,1.034,19.888,39.34,-49.445,SetA_15x6S5-Solution
SetA_15x6S5,GRASP_VND,Reloc-Swap-DoorSwap,1000000,14059.0,13927.0,0.948,19.653,39.34,-50.044,SetA_15x6S5-Solution
SetA_15x7S10,GRASP_VND,DoorSwap-Reloc-Swap,1,15587.0,14810.0,5.246,0.013,150.701,-99.992,SetA_15x7S10-Solution
SetA_15x7S10,GRASP_VND,Reloc-Swap-DoorSwap,1,15509.0,14810.0,4.720,0.012,150.701,-99.992,SetA_15x7S10-Solution
SetA_15x7S10,GRASP_VND,DoorSwap-Reloc-Swap,10,15276.0,14810.0,3.147,0.021,150.701,-99.986,SetA_15x7S10-Solution
SetA_15x7S10,GRASP_VND,Reloc-Swap-DoorSwap,10,15066.0,14810.0,1.729,0.023,150.701,-99.985,SetA_15x7S10-Solution
SetA_15x7S10,GRASP_VND,DoorSwap-Reloc-Swap,100,15125.0,14810.0,2.127,0.051,150.701,-99.966,SetA_15x7S10-Solution
SetA_15x7S10,GRASP_VND,Reloc-Swap-DoorSwap,100,15158.0,14810.0,2.350,0.050,150.701,-99.967,SetA_15x7S10-Solution
SetA_15x7S10,GRASP_VND,DoorSwap-Reloc-Swap,1000,15048.0,14810.0,1.607,0.193,150.701,-99.872,SetA_15x7S10-Solution
SetA_15x7S10,GRASP_VND,Reloc-Swap-DoorSwap,1000,14961.0,14810.0,1.020,0.167,150.701,-99.889,SetA_15x7S10-Solution
SetA_15x7S10,GRASP_VND,DoorSwap-Reloc-Swap,10000,14924.0,14810.0,0.770,0.399,150.701,-99.735,SetA_15x7S10-Solution
SetA_15x7S10,GRASP_VND,Reloc-Swap-DoorSwap,10000,14932.0,14810.0,0.824,0.375,150.701,-99.751,SetA_15x7S10-Solution
SetA_15x7S10,GRASP_VND,DoorSwap-Reloc-Swap,100000,14867.0,14810.0,0.385,1.276,150.701,-99.153,SetA_15x7S10-Solution
SetA_15x7S10,GRASP_VND,Reloc-Swap-DoorSwap,100000,14851.0,14810.0,0.277,1.243,150.701,-99.175,SetA_15x7S10-Solution
SetA_15x7S10,GRASP_VND,DoorSwap-Reloc-Swap,1000000,14810.0,14810.0,0.000,8.840,150.701,-94.134,SetA_15x7S10-Solution
SetA_15x7S10,GRASP_VND,Reloc-Swap-DoorSwap,1000000,14845.0,14810.0,0.236,8.944,150.701,-94.065,SetA_15x7S10-Solution
SetA_15x7S15,GRASP_VND,DoorSwap-Reloc-Swap,1,15578.0,14657.0,6.284,0.013,189.589,-99.993,SetA_15x7S15-Solution
SetA_15x7S15,GRASP_VND,Reloc-Swap-DoorSwap,1,15233.0,14657.0,3.930,0.013,189.589,-99.993,SetA_15x7S15-Solution
SetA_15x7S15,GRASP_VND,DoorSwap-Reloc-Swap,10,15022.0,14657.0,2.490,0.024,189.589,-99.987,SetA_15x7S15-Solution
SetA_15x7S15,GRASP_VND,Reloc-Swap-DoorSwap,10,15150.0,14657.0,3.364,0.024,189.589,-99.987,SetA_15x7S15-Solution
SetA_15x7S15,GRASP_VND,DoorSwap-Reloc-Swap,100,14800.0,14657.0,0.976,0.056,189.589,-99.970,SetA_15x7S15-Solution
SetA_15x7S15,GRASP_VND,Reloc-Swap-DoorSwap,100,14961.0,14657.0,2.074,0.052,189.589,-99.973,SetA_15x7S15-Solution
SetA_15x7S15,GRASP_VND,DoorSwap-Reloc-Swap,1000,14801.0,14657.0,0.982,0.221,189.589,-99.884,SetA_15x7S15-Solution
SetA_15x7S15,GRASP_VND,Reloc-Swap-DoorSwap,1000,14819.0,14657.0,1.105,0.172,189.589,-99.909,SetA_15x7S15-Solution
SetA_15x7S15,GRASP_VND,DoorSwap-Reloc-Swap,10000,14740.0,14657.0,0.566,0.460,189.589,-99.757,SetA_15x7S15-Solution
SetA_15x7S15,GRASP_VND,Reloc-Swap-DoorSwap,10000,14810.0,14657.0,1.044,0.384,189.589,-99.797,SetA_15x7S15-Solution
SetA_15x7S15,GRASP_VND,DoorSwap-Reloc-Swap,100000,14704.0,14657.0,0.321,1.416,189.589,-99.253,SetA_15x7S15-Solution
SetA_15x7S15,GRASP_VND,Reloc-Swap-DoorSwap,100000,14776.0,14657.0,0.812,1.352,189.589,-99.287,SetA_15x7S15-Solution
SetA_15x7S15,GRASP_VND,DoorSwap-Reloc-Swap,1000000,14718.0,14657.0,0.416,9.659,189.589,-94.906,SetA_15x7S15-Solution
SetA_15x7S15,GRASP_VND,Reloc-Swap-DoorSwap,1000000,14796.0,14657.0,0.948,9.660,189.589,-94.905,SetA_15x7S15-Solution
SetA_15x7S20,GRASP_VND,DoorSwap-Reloc-Swap,1,15474.0,14514.0,6.614,0.013,137.752,-99.991,SetA_15x7S20-Solution
SetA_15x7S20,GRASP_VND,Reloc-Swap-DoorSwap,1,15151.0,14514.0,4.389,0.012,137.752,-99.991,SetA_15x7S20-Solution
SetA_15x7S20,GRASP_VND,DoorSwap-Reloc-Swap,10,15050.0,14514.0,3.693,0.025,137.752,-99.982,SetA_15x7S20-Solution
SetA_15x7S20,GRASP_VND,Reloc-Swap-DoorSwap,10,14925.0,14514.0,2.832,0.024,137.752,-99.983,SetA_15x7S20-Solution
SetA_15x7S20,GRASP_VND,DoorSwap-Reloc-Swap,100,14657.0,14514.0,0.985,0.062,137.752,-99.955,SetA_15x7S20-Solution
SetA_15x7S20,GRASP_VND,Reloc-Swap-DoorSwap,100,14817.0,14514.0,2.088,0.051,137.752,-99.963,SetA_15x7S20-Solution
SetA_15x7S20,GRASP_VND,DoorSwap-Reloc-Swap,1000,14695.0,14514.0,1.247,0.222,137.752,-99.839,SetA_15x7S20-Solution
SetA_15x7S20,GRASP_VND,Reloc-Swap-DoorSwap,1000,14658.0,14514.0,0.992,0.177,137.752,-99.871,SetA_15x7S20-Solution
SetA_15x7S20,GRASP_VND,DoorSwap-Reloc-Swap,10000,14580.0,14514.0,0.455,0.498,137.752,-99.638,SetA_15x7S20-Solution
SetA_15x7S20,GRASP_VND,Reloc-Swap-DoorSwap,10000,14619.0,14514.0,0.723,0.423,137.752,-99.693,SetA_15x7S20-Solution
SetA_15x7S20,GRASP_VND,DoorSwap-Reloc-Swap,100000,14657.0,14514.0,0.985,1.501,137.752,-98.911,SetA_15x7S20-Solution
SetA_15x7S20,GRASP_VND,Reloc-Swap-DoorSwap,100000,14578.0,14514.0,0.441,1.389,137.752,-98.992,SetA_15x7S20-Solution
SetA_15x7S20,GRASP_VND,DoorSwap-Reloc-Swap,1000000,14530.0,14514.0,0.110,10.591,137.752,-92.312,SetA_15x7S20-Solution
SetA_15x7S20,GRASP_VND,Reloc-Swap-DoorSwap,1000000,14589.0,14514.0,0.517,10.416,137.752,-92.438,SetA_15x7S20-Solution
SetA_15x7S30,GRASP_VND,DoorSwap-Reloc-Swap,1,14993.0,14409.0,4.053,0.015,80.685,-99.982,SetA_15x7S30-Solution
SetA_15x7S30,GRASP_VND,Reloc-Swap-DoorSwap,1,15235.0,14409.0,5.733,0.011,80.685,-99.986,SetA_15x7S30-Solution
SetA_15x7S30,GRASP_VND,DoorSwap-Reloc-Swap,10,14800.0,14409.0,2.714,0.026,80.685,-99.968,SetA_15x7S30-Solution
SetA_15x7S30,GRASP_VND,Reloc-Swap-DoorSwap,10,14875.0,14409.0,3.234,0.022,80.685,-99.973,SetA_15x7S30-Solution
SetA_15x7S30,GRASP_VND,DoorSwap-Reloc-Swap,100,14590.0,14409.0,1.256,0.061,80.685,-99.924,SetA_15x7S30-Solution
SetA_15x7S30,GRASP_VND,Reloc-Swap-DoorSwap,100,14561.0,14409.0,1.055,0.056,80.685,-99.931,SetA_15x7S30-Solution
SetA_15x7S30,GRASP_VND,DoorSwap-Reloc-Swap,1000,14551.0,14409.0,0.985,0.294,80.685,-99.635,SetA_15x7S30-Solution
SetA_15x7S30,GRASP_VND,Reloc-Swap-DoorSwap,1000,14571.0,14409.0,1.124,0.190,80.685,-99.765,SetA_15x7S30-Solution
SetA_15x7S30,GRASP_VND,DoorSwap-Reloc-Swap,10000,14464.0,14409.0,0.382,0.606,80.685,-99.249,SetA_15x7S30-Solution
SetA_15x7S30,GRASP_VND,Reloc-Swap-DoorSwap,10000,14480.0,14409.0,0.493,0.455,80.685,-99.436,SetA_15x7S30-Solution
SetA_15x7S30,GRASP_VND,DoorSwap-Reloc-Swap,100000,14502.0,14409.0,0.645,1.715,80.685,-97.874,SetA_15x7S30-Solution
SetA_15x7S30,GRASP_VND,Reloc-Swap-DoorSwap,100000,14484.0,14409.0,0.521,1.571,80.685,-98.053,SetA_15x7S30-Solution
SetA_15x7S30,GRASP_VND,DoorSwap-Reloc-Swap,1000000,14443.0,14409.0,0.236,11.723,80.685,-85.470,SetA_15x7S30-Solution
SetA_15x7S30,GRASP_VND,Reloc-Swap-DoorSwap,1000000,14477.0,14409.0,0.472,11.760,80.685,-85.425,SetA_15x7S30-Solution
SetA_15x7S5,GRASP_VND,DoorSwap-Reloc-Swap,1,15587.0,15054.0,3.541,0.013,169.232,-99.992,SetA_15x7S5-Solution
SetA_15x7S5,GRASP_VND,Reloc-Swap-DoorSwap,1,15615.0,15054.0,3.727,0.014,169.232,-99.992,SetA_15x7S5-Solution
SetA_15x7S5,GRASP_VND,DoorSwap-Reloc-Swap,10,15411.0,15054.0,2.371,0.024,169.232,-99.986,SetA_15x7S5-Solution
SetA_15x7S5,GRASP_VND,Reloc-Swap-DoorSwap,10,15614.0,15054.0,3.720,0.023,169.232,-99.987,SetA_15x7S5-Solution
SetA_15x7S5,GRASP_VND,DoorSwap-Reloc-Swap,100,15313.0,15054.0,1.720,0.050,169.232,-99.971,SetA_15x7S5-Solution
SetA_15x7S5,GRASP_VND,Reloc-Swap-DoorSwap,100,15323.0,15054.0,1.787,0.052,169.232,-99.969,SetA_15x7S5-Solution
SetA_15x7S5,GRASP_VND,DoorSwap-Reloc-Swap,1000,15226.0,15054.0,1.143,0.177,169.232,-99.896,SetA_15x7S5-Solution
SetA_15x7S5,GRASP_VND,Reloc-Swap-DoorSwap,1000,15246.0,15054.0,1.275,0.171,169.232,-99.899,SetA_15x7S5-Solution
SetA_15x7S5,GRASP_VND,DoorSwap-Reloc-Swap,10000,15171.0,15054.0,0.777,0.412,169.232,-99.757,SetA_15x7S5-Solution
SetA_15x7S5,GRASP_VND,Reloc-Swap-DoorSwap,10000,15100.0,15054.0,0.306,0.426,169.232,-99.748,SetA_15x7S5-Solution
SetA_15x7S5,GRASP_VND,DoorSwap-Reloc-Swap,100000,15116.0,15054.0,0.412,2.012,169.232,-98.811,SetA_15x7S5-Solution
SetA_15x7S5,GRASP_VND,Reloc-Swap-DoorSwap,100000,15162.0,15054.0,0.717,2.072,169.232,-98.776,SetA_15x7S5-Solution
SetA_15x7S5,GRASP_VND,DoorSwap-Reloc-Swap,1000000,15075.0,15054.0,0.139,17.254,169.232,-89.805,SetA_15x7S5-Solution
SetA_15x7S5,GRASP_VND,Reloc-Swap-DoorSwap,1000000,15115.0,15054.0,0.405,17.511,169.232,-89.653,SetA_15x7S5-Solution
SetA_20x10S10,GRASP_VND,DoorSwap-Reloc-Swap,1,31909.0,-1.0,-3191000.000,0.014,-1.0,-101.387,SetA_20x10S10-Solution
SetA_20x10S10,GRASP_VND,Reloc-Swap-DoorSwap,1,31462.0,-1.0,-3146300.000,0.014,-1.0,-101.380,SetA_20x10S10-Solution
SetA_20x10S10,GRASP_VND,DoorSwap-Reloc-Swap,10,30931.0,-1.0,-3093200.000,0.033,-1.0,-103.254,SetA_20x10S10-Solution
SetA_20x10S10,GRASP_VND,Reloc-Swap-DoorSwap,10,31032.0,-1.0,-3103300.000,0.034,-1.0,-103.386,SetA_20x10S10-Solution
SetA_20x10S10,GRASP_VND,DoorSwap-Reloc-Swap,100,30377.0,-1.0,-3037800.000,0.101,-1.0,-110.102,SetA_20x10S10-Solution
SetA_20x10S10,GRASP_VND,Reloc-Swap-DoorSwap,100,30419.0,-1.0,-3042000.000,0.095,-1.0,-109.486,SetA_20x10S10-Solution
SetA_20x10S10,GRASP_VND,DoorSwap-Reloc-Swap,1000,30038.0,-1.0,-3003900.000,0.500,-1.0,-149.964,SetA_20x10S10-Solution
SetA_20x10S10,GRASP_VND,Reloc-Swap-DoorSwap,1000,30150.0,-1.0,-3015100.000,0.454,-1.0,-145.444,SetA_20x10S10-Solution
SetA_20x10S10,GRASP_VND,DoorSwap-Reloc-Swap,10000,29989.0,-1.0,-2999000.000,1.499,-1.0,-249.854,SetA_20x10S10-Solution
SetA_20x10S10,GRASP_VND,Reloc-Swap-DoorSwap,10000,29983.0,-1.0,-2998400.000,1.212,-1.0,-221.216,SetA_20x10S10-Solution
SetA_20x10S10,GRASP_VND,DoorSwap-Reloc-Swap,100000,29886.0,-1.0,-2988700.000,3.308,-1.0,-430.846,SetA_20x10S10-Solution
SetA_20x10S10,GRASP_VND,Reloc-Swap-DoorSwap,100000,29810.0,-1.0,-2981100.000,3.024,-1.0,-402.446,SetA_20x10S10-Solution
SetA_20x10S10,GRASP_VND,DoorSwap-Reloc-Swap,1000000,29981.0,-1.0,-2998200.000,17.132,-1.0,-1813.220,SetA_20x10S10-Solution
SetA_20x10S10,GRASP_VND,Reloc-Swap-DoorSwap,1000000,29855.0,-1.0,-2985600.000,16.618,-1.0,-1761.791,SetA_20x10S10-Solution
SetA_20x10S15,GRASP_VND,DoorSwap-Reloc-Swap,1,31335.0,-1.0,-3133600.000,0.016,-1.0,-101.606,SetA_20x10S15-Solution
SetA_20x10S15,GRASP_VND,Reloc-Swap-DoorSwap,1,30694.0,-1.0,-3069500.000,0.015,-1.0,-101.538,SetA_20x10S15-Solution
SetA_20x10S15,GRASP_VND,DoorSwap-Reloc-Swap,10,30388.0,-1.0,-3038900.000,0.035,-1.0,-103.471,SetA_20x10S15-Solution
SetA_20x10S15,GRASP_VND,Reloc-Swap-DoorSwap,10,30571.0,-1.0,-3057200.000,0.031,-1.0,-103.051,SetA_20x10S15-Solution
SetA_20x10S15,GRASP_VND,DoorSwap-Reloc-Swap,100,30089.0,-1.0,-3009000.000,0.113,-1.0,-111.324,SetA_20x10S15-Solution
SetA_20x10S15,GRASP_VND,Reloc-Swap-DoorSwap,100,29946.0,-1.0,-2994700.000,0.094,-1.0,-109.410,SetA_20x10S15-Solution
SetA_20x10S15,GRASP_VND,DoorSwap-Reloc-Swap,1000,29686.0,-1.0,-2968700.000,0.633,-1.0,-163.266,SetA_20x10S15-Solution
SetA_20x10S15,GRASP_VND,Reloc-Swap-DoorSwap,1000,29937.0,-1.0,-2993800.000,0.422,-1.0,-142.172,SetA_20x10S15-Solution
SetA_20x10S15,GRASP_VND,DoorSwap-Reloc-Swap,10000,29624.0,-1.0,-2962500.000,1.785,-1.0,-278.464,SetA_20x10S15-Solution
SetA_20x10S15,GRASP_VND,Reloc-Swap-DoorSwap,10000,29662.0,-1.0,-2966300.000,1.229,-1.0,-222.893,SetA_20x10S15-Solution
SetA_20x10S15,GRASP_VND,DoorSwap-Reloc-Swap,100000,29666.0,-1.0,-2966700.000,3.883,-1.0,-488.338,SetA_20x10S15-Solution
SetA_20x10S15,GRASP_VND,Reloc-Swap-DoorSwap,100000,29717.0,-1.0,-2971800.000,3.198,-1.0,-419.775,SetA_20x10S15-Solution
SetA_20x10S15,GRASP_VND,DoorSwap-Reloc-Swap,1000000,29645.0,-1.0,-2964600.000,18.848,-1.0,-1984.802,SetA_20x10S15-Solution
SetA_20x10S15,GRASP_VND,Reloc-Swap-DoorSwap,1000000,29384.0,-1.0,-2938500.000,18.769,-1.0,-1976.866,SetA_20x10S15-Solution
SetA_20x10S20,GRASP_VND,DoorSwap-Reloc-Swap,1,31358.0,-1.0,-3135900.000,0.015,-1.0,-101.510,SetA_20x10S20-Solution
SetA_20x10S20,GRASP_VND,Reloc-Swap-DoorSwap,1,30753.0,-1.0,-3075400.000,0.014,-1.0,-101.434,SetA_20x10S20-Solution
SetA_20x10S20,GRASP_VND,DoorSwap-Reloc-Swap,10,29889.0,-1.0,-2989000.000,0.039,-1.0,-103.906,SetA_20x10S20-Solution
SetA_20x10S20,GRASP_VND,Reloc-Swap-DoorSwap,10,29763.0,-1.0,-2976400.000,0.029,-1.0,-102.949,SetA_20x10S20-Solution
SetA_20x10S20,GRASP_VND,DoorSwap-Reloc-Swap,100,29956.0,-1.0,-2995700.000,0.120,-1.0,-111.986,SetA_20x10S20-Solution
SetA_20x10S20,GRASP_VND,Reloc-Swap-DoorSwap,100,29759.0,-1.0,-2976000.000,0.091,-1.0,-109.124,SetA_20x10S20-Solution
SetA_20x10S20,GRASP_VND,DoorSwap-Reloc-Swap,1000,29573.0,-1.0,-2957400.000,0.648,-1.0,-164.838,SetA_20x10S20-Solution
SetA_20x10S20,GRASP_VND,Reloc-Swap-DoorSwap,1000,29394.0,-1.0,-2939500.000,0.446,-1.0,-144.570,SetA_20x10S20-Solution
SetA_20x10S20,GRASP_VND,DoorSwap-Reloc-Swap,10000,29472.0,-1.0,-2947300.000,1.956,-1.0,-295.614,SetA_20x10S20-Solution
SetA_20x10S20,GRASP_VND,Reloc-Swap-DoorSwap,10000,29416.0,-1.0,-2941700.000,1.259,-1.0,-225.902,SetA_20x10S20-Solution
SetA_20x10S20,GRASP_VND,DoorSwap-Reloc-Swap,100000,29555.0,-1.0,-2955600.000,4.070,-1.0,-506.964,SetA_20x10S20-Solution
SetA_20x10S20,GRASP_VND,Reloc-Swap-DoorSwap,100000,29337.0,-1.0,-2933800.000,3.234,-1.0,-423.355,SetA_20x10S20-Solution
SetA_20x10S20,GRASP_VND,DoorSwap-Reloc-Swap,1000000,29452.0,-1.0,-2945300.000,20.322,-1.0,-2132.172,SetA_20x10S20-Solution
SetA_20x10S20,GRASP_VND,Reloc-Swap-DoorSwap,1000000,29395.0,-1.0,-2939600.000,19.448,-1.0,-2044.808,SetA_20x10S20-Solution
SetA_20x10S30,GRASP_VND,DoorSwap-Reloc-Swap,1,30359.0,-1.0,-3036000.000,0.016,-1.0,-101.558,SetA_20x10S30-Solution
SetA_20x10S30,GRASP_VND,Reloc-Swap-DoorSwap,1,30728.0,-1.0,-3072900.000,0.014,-1.0,-101.445,SetA_20x10S30-Solution
SetA_20x10S30,GRASP_VND,DoorSwap-Reloc-Swap,10,30025.0,-1.0,-3002600.000,0.041,-1.0,-104.106,SetA_20x10S30-Solution
SetA_20x10S30,GRASP_VND,Reloc-Swap-DoorSwap,10,29598.0,-1.0,-2959900.000,0.034,-1.0,-103.383,SetA_20x10S30-Solution
SetA_20x10S30,GRASP_VND,DoorSwap-Reloc-Swap,100,29481.0,-1.0,-2948200.000,0.132,-1.0,-113.213,SetA_20x10S30-Solution
SetA_20x10S30,GRASP_VND,Reloc-Swap-DoorSwap,100,29484.0,-1.0,-2948500.000,0.095,-1.0,-109.507,SetA_20x10S30-Solution
SetA_20x10S30,GRASP_VND,DoorSwap-Reloc-Swap,1000,29082.0,-1.0,-2908300.000,0.717,-1.0,-171.695,SetA_20x10S30-Solution
SetA_20x10S30,GRASP_VND,Reloc-Swap-DoorSwap,1000,29024.0,-1.0,-2902500.000,0.463,-1.0,-146.293,SetA_20x10S30-Solution
SetA_20x10S30,GRASP_VND,DoorSwap-Reloc-Swap,10000,29154.0,-1.0,-2915500.000,2.125,-1.0,-312.519,SetA_20x10S30-Solution
SetA_20x10S30,GRASP_VND,Reloc-Swap-DoorSwap,10000,29080.0,-1.0,-2908100.000,1.459,-1.0,-245.926,SetA_20x10S30-Solution
SetA_20x10S30,GRASP_VND,DoorSwap-Reloc-Swap,100000,29115.0,-1.0,-2911600.000,4.736,-1.0,-573.589,SetA_20x10S30-Solution
SetA_20x10S30,GRASP_VND,Reloc-Swap-DoorSwap,100000,28961.0,-1.0,-2896200.000,3.814,-1.0,-481.392,SetA_20x10S30-Solution
SetA_20x10S30,GRASP_VND,DoorSwap-Reloc-Swap,1000000,28973.0,-1.0,-2897400.000,24.218,-1.0,-2521.760,SetA_20x10S30-Solution
SetA_20x10S30,GRASP_VND,Reloc-Swap-DoorSwap,1000000,28990.0,-1.0,-2899100.000,23.315,-1.0,-2431.478,SetA_20x10S30-Solution
SetA_20x10S5,GRASP_VND,DoorSwap-Reloc-Swap,1,31273.0,-1.0,-3127400.000,0.015,-1.0,-101.542,SetA_20x10S5-Solution
SetA_20x10S5,GRASP_VND,Reloc-Swap-DoorSwap,1,31949.0,-1.0,-3195000.000,0.015,-1.0,-101.453,SetA_20x10S5-Solution
SetA_20x10S5,GRASP_VND,DoorSwap-Reloc-Swap,10,30978.0,-1.0,-3097900.000,0.029,-1.0,-102.947,SetA_20x10S5-Solution
SetA_20x10S5,GRASP_VND,Reloc-Swap-DoorSwap,10,31059.0,-1.0,-3106000.000,0.043,-1.0,-104.323,SetA_20x10S5-Solution
SetA_20x10S5,GRASP_VND,DoorSwap-Reloc-Swap,100,30825.0,-1.0,-3082600.000,0.091,-1.0,-109.108,SetA_20x10S5-Solution
SetA_20x10S5,GRASP_VND,Reloc-Swap-DoorSwap,100,31037.0,-1.0,-3103800.000,0.089,-1.0,-108.906,SetA_20x10S5-Solution
SetA_20x10S5,GRASP_VND,DoorSwap-Reloc-Swap,1000,30550.0,-1.0,-3055100.000,0.440,-1.0,-144.020,SetA_20x10S5-Solution
SetA_20x10S5,GRASP_VND,Reloc-Swap-DoorSwap,1000,30552.0,-1.0,-3055300.000,0.465,-1.0,-146.482,SetA_20x10S5-Solution
SetA_20x10S5,GRASP_VND,DoorSwap-Reloc-Swap,10000,30322.0,-1.0,-3032300.000,1.211,-1.0,-221.082,SetA_20x10S5-Solution
SetA_20x10S5,GRASP_VND,Reloc-Swap-DoorSwap,10000,30394.0,-1.0,-3039500.000,1.238,-1.0,-223.797,SetA_20x10S5-Solution
SetA_20x10S5,GRASP_VND,DoorSwap-Reloc-Swap,100000,30536.0,-1.0,-3053700.000,2.705,-1.0,-370.507,SetA_20x10S5-Solution
SetA_20x10S5,GRASP_VND,Reloc-Swap-DoorSwap,100000,30318.0,-1.0,-3031900.000,2.676,-1.0,-367.639,SetA_20x10S5-Solution
SetA_20x10S5,GRASP_VND,DoorSwap-Reloc-Swap,1000000,30443.0,-1.0,-3044400.000,14.053,-1.0,-1505.280,SetA_20x10S5-Solution
SetA_20x10S5,GRASP_VND,Reloc-Swap-DoorSwap,1000000,30487.0,-1.0,-3048800.000,14.048,-1.0,-1504.837,SetA_20x10S5-Solution
SetA_8x4S10,GRASP_VND,DoorSwap-Reloc-Swap,1,5340.0,5169.0,3.308,0.008,0.039,-78.286,SetA_8x4S10-Solution
SetA_8x4S10,GRASP_VND,Reloc-Swap-DoorSwap,1,5354.0,5169.0,3.579,0.009,0.039,-76.895,SetA_8x4S10-Solution
SetA_8x4S10,GRASP_VND,DoorSwap-Reloc-Swap,10,5182.0,5169.0,0.251,0.014,0.039,-63.646,SetA_8x4S10-Solution
SetA_8x4S10,GRASP_VND,Reloc-Swap-DoorSwap,10,5300.0,5169.0,2.534,0.014,0.039,-65.264,SetA_8x4S10-Solution
SetA_8x4S10,GRASP_VND,DoorSwap-Reloc-Swap,100,5169.0,5169.0,0.000,0.026,0.039,-34.249,SetA_8x4S10-Solution
SetA_8x4S10,GRASP_VND,Reloc-Swap-DoorSwap,100,5169.0,5169.0,0.000,0.027,0.039,-29.959,SetA_8x4S10-Solution
SetA_8x4S10,GRASP_VND,DoorSwap-Reloc-Swap,1000,5169.0,5169.0,0.000,0.056,0.039,42.926,SetA_8x4S10-Solution
SetA_8x4S10,GRASP_VND,Reloc-Swap-DoorSwap,1000,5169.0,5169.0,0.000,0.057,0.039,46.535,SetA_8x4S10-Solution
SetA_8x4S10,GRASP_VND,DoorSwap-Reloc-Swap,10000,5169.0,5169.0,0.000,0.124,0.039,216.739,SetA_8x4S10-Solution
SetA_8x4S10,GRASP_VND,Reloc-Swap-DoorSwap,10000,5169.0,5169.0,0.000,0.131,0.039,235.109,SetA_8x4S10-Solution
SetA_8x4S10,GRASP_VND,DoorSwap-Reloc-Swap,100000,5169.0,5169.0,0.000,0.370,0.039,847.632,SetA_8x4S10-Solution
SetA_8x4S10,GRASP_VND,Reloc-Swap-DoorSwap,100000,5169.0,5169.0,0.000,0.373,0.039,855.935,SetA_8x4S10-Solution
SetA_8x4S10,GRASP_VND,DoorSwap-Reloc-Swap,1000000,5169.0,5169.0,0.000,2.782,0.039,7032.392,SetA_8x4S10-Solution
SetA_8x4S10,GRASP_VND,Reloc-Swap-DoorSwap,1000000,5169.0,5169.0,0.000,2.753,0.039,6959.187,SetA_8x4S10-Solution
SetA_8x4S15,GRASP_VND,DoorSwap-Reloc-Swap,1,5301.0,5112.0,3.697,0.010,0.031,-68.706,SetA_8x4S15-Solution
SetA_8x4S15,GRASP_VND,Reloc-Swap-DoorSwap,1,5357.0,5112.0,4.793,0.009,0.031,-70.015,SetA_8x4S15-Solution
SetA_8x4S15,GRASP_VND,DoorSwap-Reloc-Swap,10,5243.0,5112.0,2.563,0.014,0.031,-54.562,SetA_8x4S15-Solution
SetA_8x4S15,GRASP_VND,Reloc-Swap-DoorSwap,10,5129.0,5112.0,0.333,0.015,0.031,-52.792,SetA_8x4S15-Solution
SetA_8x4S15,GRASP_VND,DoorSwap-Reloc-Swap,100,5112.0,5112.0,0.000,0.030,0.031,-3.606,SetA_8x4S15-Solution
SetA_8x4S15,GRASP_VND,Reloc-Swap-DoorSwap,100,5112.0,5112.0,0.000,0.029,0.031,-5.139,SetA_8x4S15-Solution
SetA_8x4S15,GRASP_VND,DoorSwap-Reloc-Swap,1000,5112.0,5112.0,0.000,0.058,0.031,87.962,SetA_8x4S15-Solution
SetA_8x4S15,GRASP_VND,Reloc-Swap-DoorSwap,1000,5112.0,5112.0,0.000,0.066,0.031,114.481,SetA_8x4S15-Solution
SetA_8x4S15,GRASP_VND,DoorSwap-Reloc-Swap,10000,5112.0,5112.0,0.000,0.125,0.031,303.494,SetA_8x4S15-Solution
SetA_8x4S15,GRASP_VND,Reloc-Swap-DoorSwap,10000,5112.0,5112.0,0.000,0.129,0.031,317.163,SetA_8x4S15-Solution
SetA_8x4S15,GRASP_VND,DoorSwap-Reloc-Swap,100000,5112.0,5112.0,0.000,0.398,0.031,1185.008,SetA_8x4S15-Solution
SetA_8x4S15,GRASP_VND,Reloc-Swap-DoorSwap,100000,5112.0,5112.0,0.000,0.417,0.031,1244.873,SetA_8x4S15-Solution
SetA_8x4S15,GRASP_VND,DoorSwap-Reloc-Swap,1000000,5112.0,5112.0,0.000,2.877,0.031,9182.152,SetA_8x4S15-Solution
SetA_8x4S15,GRASP_VND,Reloc-Swap-DoorSwap,1000000,5112.0,5112.0,0.000,2.898,0.031,9247.121,SetA_8x4S15-Solution
SetA_8x4S20,GRASP_VND,DoorSwap-Reloc-Swap,1,5122.0,5086.0,0.708,0.010,0.029,-64.003,SetA_8x4S20-Solution
SetA_8x4S20,GRASP_VND,Reloc-Swap-DoorSwap,1,5196.0,5086.0,2.163,0.009,0.029,-68.047,SetA_8x4S20-Solution
SetA_8x4S20,GRASP_VND,DoorSwap-Reloc-Swap,10,5112.0,5086.0,0.511,0.015,0.029,-48.659,SetA_8x4S20-Solution
SetA_8x4S20,GRASP_VND,Reloc-Swap-DoorSwap,10,5086.0,5086.0,0.000,0.014,0.029,-50.502,SetA_8x4S20-Solution
SetA_8x4S20,GRASP_VND,DoorSwap-Reloc-Swap,100,5086.0,5086.0,0.000,0.030,0.029,2.165,SetA_8x4S20-Solution
SetA_8x4S20,GRASP_VND,Reloc-Swap-DoorSwap,100,5086.0,5086.0,0.000,0.031,0.029,6.074,SetA_8x4S20-Solution
SetA_8x4S20,GRASP_VND,DoorSwap-Reloc-Swap,1000,5086.0,5086.0,0.000,0.063,0.029,118.646,SetA_8x4S20-Solution
SetA_8x4S20,GRASP_VND,Reloc-Swap-DoorSwap,1000,5086.0,5086.0,0.000,0.069,0.029,139.309,SetA_8x4S20-Solution
SetA_8x4S20,GRASP_VND,DoorSwap-Reloc-Swap,10000,5086.0,5086.0,0.000,0.120,0.029,313.944,SetA_8x4S20-Solution
SetA_8x4S20,GRASP_VND,Reloc-Swap-DoorSwap,10000,5086.0,5086.0,0.000,0.129,0.029,344.370,SetA_8x4S20-Solution
SetA_8x4S20,GRASP_VND,DoorSwap-Reloc-Swap,100000,5086.0,5086.0,0.000,0.437,0.029,1406.659,SetA_8x4S20-Solution
SetA_8x4S20,GRASP_VND,Reloc-Swap-DoorSwap,100000,5086.0,5086.0,0.000,0.438,0.029,1410.991,SetA_8x4S20-Solution
SetA_8x4S20,GRASP_VND,DoorSwap-Reloc-Swap,1000000,5086.0,5086.0,0.000,3.209,0.029,10966.691,SetA_8x4S20-Solution
SetA_8x4S20,GRASP_VND,Reloc-Swap-DoorSwap,1000000,5086.0,5086.0,0.000,3.154,0.029,10776.140,SetA_8x4S20-Solution
SetA_8x4S30,GRASP_VND,DoorSwap-Reloc-Swap,1,5157.0,5063.0,1.857,0.010,0.033,-68.233,SetA_8x4S30-Solution
SetA_8x4S30,GRASP_VND,Reloc-Swap-DoorSwap,1,5195.0,5063.0,2.607,0.011,0.033,-67.625,SetA_8x4S30-Solution
SetA_8x4S30,GRASP_VND,DoorSwap-Reloc-Swap,10,5063.0,5063.0,0.000,0.017,0.033,-49.773,SetA_8x4S30-Solution
SetA_8x4S30,GRASP_VND,Reloc-Swap-DoorSwap,10,5094.0,5063.0,0.612,0.017,0.033,-48.857,SetA_8x4S30-Solution
SetA_8x4S30,GRASP_VND,DoorSwap-Reloc-Swap,100,5063.0,5063.0,0.000,0.031,0.033,-7.345,SetA_8x4S30-Solution
SetA_8x4S30,GRASP_VND,Reloc-Swap-DoorSwap,100,5063.0,5063.0,0.000,0.028,0.033,-14.238,SetA_8x4S30-Solution
SetA_8x4S30,GRASP_VND,DoorSwap-Reloc-Swap,1000,5063.0,5063.0,0.000,0.063,0.033,92.283,SetA_8x4S30-Solution
SetA_8x4S30,GRASP_VND,Reloc-Swap-DoorSwap,1000,5063.0,5063.0,0.000,0.060,0.033,82.062,SetA_8x4S30-Solution
SetA_8x4S30,GRASP_VND,DoorSwap-Reloc-Swap,10000,5063.0,5063.0,0.000,0.133,0.033,303.316,SetA_8x4S30-Solution
SetA_8x4S30,GRASP_VND,Reloc-Swap-DoorSwap,10000,5063.0,5063.0,0.000,0.133,0.033,304.327,SetA_8x4S30-Solution
SetA_8x4S30,GRASP_VND,DoorSwap-Reloc-Swap,100000,5063.0,5063.0,0.000,0.443,0.033,1242.005,SetA_8x4S30-Solution
SetA_8x4S30,GRASP_VND,Reloc-Swap-DoorSwap,100000,5063.0,5063.0,0.000,0.440,0.033,1231.902,SetA_8x4S30-Solution
SetA_8x4S30,GRASP_VND,DoorSwap-Reloc-Swap,1000000,5063.0,5063.0,0.000,3.268,0.033,9801.915,SetA_8x4S30-Solution
SetA_8x4S30,GRASP_VND,Reloc-Swap-DoorSwap,1000000,5063.0,5063.0,0.000,3.326,0.033,9979.386,SetA_8x4S30-Solution
SetA_8x4S5,GRASP_VND,DoorSwap-Reloc-Swap,1,5416.0,5174.0,4.677,0.009,0.039,-77.904,SetA_8x4S5-Solution
SetA_8x4S5,GRASP_VND,Reloc-Swap-DoorSwap,1,5416.0,5174.0,4.677,0.009,0.039,-77.315,SetA_8x4S5-Solution
SetA_8x4S5,GRASP_VND,DoorSwap-Reloc-Swap,10,5174.0,5174.0,0.000,0.014,0.039,-64.146,SetA_8x4S5-Solution
SetA_8x4S5,GRASP_VND,Reloc-Swap-DoorSwap,10,5174.0,5174.0,0.000,0.013,0.039,-66.610,SetA_8x4S5-Solution
SetA_8x4S5,GRASP_VND,DoorSwap-Reloc-Swap,100,5174.0,5174.0,0.000,0.024,0.039,-37.380,SetA_8x4S5-Solution
SetA_8x4S5,GRASP_VND,Reloc-Swap-DoorSwap,100,5174.0,5174.0,0.000,0.027,0.039,-30.435,SetA_8x4S5-Solution
SetA_8x4S5,GRASP_VND,DoorSwap-Reloc-Swap,1000,5174.0,5174.0,0.000,0.048,0.039,23.231,SetA_8x4S5-Solution
SetA_8x4S5,GRASP_VND,Reloc-Swap-DoorSwap,1000,5174.0,5174.0,0.000,0.051,0.039,31.659,SetA_8x4S5-Solution
SetA_8x4S5,GRASP_VND,DoorSwap-Reloc-Swap,10000,5174.0,5174.0,0.000,0.113,0.039,189.357,SetA_8x4S5-Solution
SetA_8x4S5,GRASP_VND,Reloc-Swap-DoorSwap,10000,5174.0,5174.0,0.000,0.106,0.039,172.779,SetA_8x4S5-Solution
SetA_8x4S5,GRASP_VND,DoorSwap-Reloc-Swap,100000,5174.0,5174.0,0.000,0.347,0.039,789.602,SetA_8x4S5-Solution
SetA_8x4S5,GRASP_VND,Reloc-Swap-DoorSwap,100000,5174.0,5174.0,0.000,0.340,0.039,772.973,SetA_8x4S5-Solution
SetA_8x4S5,GRASP_VND,DoorSwap-Reloc-Swap,1000000,5174.0,5174.0,0.000,2.568,0.039,6484.232,SetA_8x4S5-Solution
SetA_8x4S5,GRASP_VND,Reloc-Swap-DoorSwap,1000000,5174.0,5174.0,0.000,2.602,0.039,6570.559,SetA_8x4S5-Solution
SetA_9x4S10,GRASP_VND,DoorSwap-Reloc-Swap,1,6116.0,6027.0,1.477,0.012,0.038,-69.231,SetA_9x4S10-Solution
SetA_9x4S10,GRASP_VND,Reloc-Swap-DoorSwap,1,6285.0,6027.0,4.281,0.009,0.038,-75.506,SetA_9x4S10-Solution
SetA_9x4S10,GRASP_VND,DoorSwap-Reloc-Swap,10,6074.0,6027.0,0.780,0.015,0.038,-59.899,SetA_9x4S10-Solution
SetA_9x4S10,GRASP_VND,Reloc-Swap-DoorSwap,10,6034.0,6027.0,0.116,0.014,0.038,-62.614,SetA_9x4S10-Solution
SetA_9x4S10,GRASP_VND,DoorSwap-Reloc-Swap,100,6034.0,6027.0,0.116,0.029,0.038,-24.137,SetA_9x4S10-Solution
SetA_9x4S10,GRASP_VND,Reloc-Swap-DoorSwap,100,6027.0,6027.0,0.000,0.029,0.038,-23.176,SetA_9x4S10-Solution
SetA_9x4S10,GRASP_VND,DoorSwap-Reloc-Swap,1000,6027.0,6027.0,0.000,0.067,0.038,75.160,SetA_9x4S10-Solution
SetA_9x4S10,GRASP_VND,Reloc-Swap-DoorSwap,1000,6027.0,6027.0,0.000,0.071,0.038,87.944,SetA_9x4S10-Solution
SetA_9x4S10,GRASP_VND,DoorSwap-Reloc-Swap,10000,6027.0,6027.0,0.000,0.131,0.038,244.750,SetA_9x4S10-Solution
SetA_9x4S10,GRASP_VND,Reloc-Swap-DoorSwap,10000,6027.0,6027.0,0.000,0.137,0.038,260.885,SetA_9x4S10-Solution
SetA_9x4S10,GRASP_VND,DoorSwap-Reloc-Swap,100000,6027.0,6027.0,0.000,0.454,0.038,1095.596,SetA_9x4S10-Solution
SetA_9x4S10,GRASP_VND,Reloc-Swap-DoorSwap,100000,6027.0,6027.0,0.000,0.454,0.038,1093.779,SetA_9x4S10-Solution
SetA_9x4S10,GRASP_VND,DoorSwap-Reloc-Swap,1000000,6027.0,6027.0,0.000,3.426,0.038,8916.389,SetA_9x4S10-Solution
SetA_9x4S10,GRASP_VND,Reloc-Swap-DoorSwap,1000000,6027.0,6027.0,0.000,3.401,0.038,8850.282,SetA_9x4S10-Solution
SetA_9x4S15,GRASP_VND,DoorSwap-Reloc-Swap,1,6091.0,5976.0,1.924,0.012,0.036,-66.853,SetA_9x4S15-Solution
SetA_9x4S15,GRASP_VND,Reloc-Swap-DoorSwap,1,6083.0,5976.0,1.790,0.010,0.036,-72.603,SetA_9x4S15-Solution
SetA_9x4S15,GRASP_VND,DoorSwap-Reloc-Swap,10,6046.0,5976.0,1.171,0.015,0.036,-57.530,SetA_9x4S15-Solution
SetA_9x4S15,GRASP_VND,Reloc-Swap-DoorSwap,10,6111.0,5976.0,2.259,0.015,0.036,-59.495,SetA_9x4S15-Solution
SetA_9x4S15,GRASP_VND,DoorSwap-Reloc-Swap,100,5989.0,5976.0,0.218,0.030,0.036,-16.138,SetA_9x4S15-Solution
SetA_9x4S15,GRASP_VND,Reloc-Swap-DoorSwap,100,5976.0,5976.0,0.000,0.030,0.036,-15.879,SetA_9x4S15-Solution
SetA_9x4S15,GRASP_VND,DoorSwap-Reloc-Swap,1000,5976.0,5976.0,0.000,0.071,0.036,97.366,SetA_9x4S15-Solution
SetA_9x4S15,GRASP_VND,Reloc-Swap-DoorSwap,1000,5976.0,5976.0,0.000,0.067,0.036,85.947,SetA_9x4S15-Solution
SetA_9x4S15,GRASP_VND,DoorSwap-Reloc-Swap,10000,5976.0,5976.0,0.000,0.145,0.036,301.575,SetA_9x4S15-Solution
SetA_9x4S15,GRASP_VND,Reloc-Swap-DoorSwap,10000,5976.0,5976.0,0.000,0.135,0.036,274.574,SetA_9x4S15-Solution
SetA_9x4S15,GRASP_VND,DoorSwap-Reloc-Swap,100000,5976.0,5976.0,0.000,0.475,0.036,1220.069,SetA_9x4S15-Solution
SetA_9x4S15,GRASP_VND,Reloc-Swap-DoorSwap,100000,5976.0,5976.0,0.000,0.456,0.036,1165.976,SetA_9x4S15-Solution
SetA_9x4S15,GRASP_VND,DoorSwap-Reloc-Swap,1000000,5976.0,5976.0,0.000,3.543,0.036,9740.919,SetA_9x4S15-Solution
SetA_9x4S15,GRASP_VND,Reloc-Swap-DoorSwap,1000000,5976.0,5976.0,0.000,3.525,0.036,9692.724,SetA_9x4S15-Solution
SetA_9x4S20,GRASP_VND,DoorSwap-Reloc-Swap,1,6087.0,5937.0,2.527,0.010,0.041,-76.209,SetA_9x4S20-Solution
SetA_9x4S20,GRASP_VND,Reloc-Swap-DoorSwap,1,5987.0,5937.0,0.842,0.009,0.041,-76.908,SetA_9x4S20-Solution
SetA_9x4S20,GRASP_VND,DoorSwap-Reloc-Swap,10,6002.0,5937.0,1.095,0.015,0.041,-63.340,SetA_9x4S20-Solution
SetA_9x4S20,GRASP_VND,Reloc-Swap-DoorSwap,10,6055.0,5937.0,1.988,0.015,0.041,-62.791,SetA_9x4S20-Solution
SetA_9x4S20,GRASP_VND,DoorSwap-Reloc-Swap,100,5955.0,5937.0,0.303,0.034,0.041,-17.258,SetA_9x4S20-Solution
SetA_9x4S20,GRASP_VND,Reloc-Swap-DoorSwap,100,5965.0,5937.0,0.472,0.030,0.041,-25.812,SetA_9x4S20-Solution
SetA_9x4S20,GRASP_VND,DoorSwap-Reloc-Swap,1000,5937.0,5937.0,0.000,0.080,0.041,94.158,SetA_9x4S20-Solution
SetA_9x4S20,GRASP_VND,Reloc-Swap-DoorSwap,1000,5937.0,5937.0,0.000,0.066,0.041,60.253,SetA_9x4S20-Solution
SetA_9x4S20,GRASP_VND,DoorSwap-Reloc-Swap,10000,5937.0,5937.0,0.000,0.152,0.041,270.419,SetA_9x4S20-Solution
SetA_9x4S20,GRASP_VND,Reloc-Swap-DoorSwap,10000,5937.0,5937.0,0.000,0.137,0.041,234.328,SetA_9x4S20-Solution
SetA_9x4S20,GRASP_VND,DoorSwap-Reloc-Swap,100000,5937.0,5937.0,0.000,0.515,0.041,1157.313,SetA_9x4S20-Solution
SetA_9x4S20,GRASP_VND,Reloc-Swap-DoorSwap,100000,5937.0,5937.0,0.000,0.480,0.041,1070.506,SetA_9x4S20-Solution
SetA_9x4S20,GRASP_VND,DoorSwap-Reloc-Swap,1000000,5937.0,5937.0,0.000,3.823,0.041,9225.116,SetA_9x4S20-Solution
SetA_9x4S20,GRASP_VND,Reloc-Swap-DoorSwap,1000000,5937.0,5937.0,0.000,3.745,0.041,9034.747,SetA_9x4S20-Solution
SetA_9x4S30,GRASP_VND,DoorSwap-Reloc-Swap,1,6073.0,5904.0,2.862,0.010,0.036,-71.851,SetA_9x4S30-Solution
SetA_9x4S30,GRASP_VND,Reloc-Swap-DoorSwap,1,6082.0,5904.0,3.015,0.009,0.036,-73.991,SetA_9x4S30-Solution
SetA_9x4S30,GRASP_VND,DoorSwap-Reloc-Swap,10,5951.0,5904.0,0.796,0.016,0.036,-56.501,SetA_9x4S30-Solution
SetA_9x4S30,GRASP_VND,Reloc-Swap-DoorSwap,10,5979.0,5904.0,1.270,0.015,0.036,-58.413,SetA_9x4S30-Solution
SetA_9x4S30,GRASP_VND,DoorSwap-Reloc-Swap,100,5928.0,5904.0,0.407,0.033,0.036,-7.809,SetA_9x4S30-Solution
SetA_9x4S30,GRASP_VND,Reloc-Swap-DoorSwap,100,5904.0,5904.0,0.000,0.030,0.036,-15.817,SetA_9x4S30-Solution
SetA_9x4S30,GRASP_VND,DoorSwap-Reloc-Swap,1000,5904.0,5904.0,0.000,0.070,0.036,95.330,SetA_9x4S30-Solution
SetA_9x4S30,GRASP_VND,Reloc-Swap-DoorSwap,1000,5904.0,5904.0,0.000,0.063,0.036,74.834,SetA_9x4S30-Solution
SetA_9x4S30,GRASP_VND,DoorSwap-Reloc-Swap,10000,5904.0,5904.0,0.000,0.153,0.036,324.184,SetA_9x4S30-Solution
SetA_9x4S30,GRASP_VND,Reloc-Swap-DoorSwap,10000,5904.0,5904.0,0.000,0.128,0.036,255.473,SetA_9x4S30-Solution
SetA_9x4S30,GRASP_VND,DoorSwap-Reloc-Swap,100000,5904.0,5904.0,0.000,0.524,0.036,1356.297,SetA_9x4S30-Solution
SetA_9x4S30,GRASP_VND,Reloc-Swap-DoorSwap,100000,5904.0,5904.0,0.000,0.502,0.036,1293.270,SetA_9x4S30-Solution
SetA_9x4S30,GRASP_VND,DoorSwap-Reloc-Swap,1000000,5904.0,5904.0,0.000,4.056,0.036,11166.858,SetA_9x4S30-Solution
SetA_9x4S30,GRASP_VND,Reloc-Swap-DoorSwap,1000000,5904.0,5904.0,0.000,4.004,0.036,11022.470,SetA_9x4S30-Solution
SetA_9x4S5,GRASP_VND,DoorSwap-Reloc-Swap,1,6171.0,6047.0,2.051,0.009,0.032,-71.085,SetA_9x4S5-Solution
SetA_9x4S5,GRASP_VND,Reloc-Swap-DoorSwap,1,6246.0,6047.0,3.291,0.009,0.032,-72.278,SetA_9x4S5-Solution
SetA_9x4S5,GRASP_VND,DoorSwap-Reloc-Swap,10,6100.0,6047.0,0.876,0.013,0.032,-58.414,SetA_9x4S5-Solution
SetA_9x4S5,GRASP_VND,Reloc-Swap-DoorSwap,10,6060.0,6047.0,0.215,0.014,0.032,-56.317,SetA_9x4S5-Solution
SetA_9x4S5,GRASP_VND,DoorSwap-Reloc-Swap,100,6056.0,6047.0,0.149,0.027,0.032,-15.776,SetA_9x4S5-Solution
SetA_9x4S5,GRASP_VND,Reloc-Swap-DoorSwap,100,6056.0,6047.0,0.149,0.028,0.032,-11.133,SetA_9x4S5-Solution
SetA_9x4S5,GRASP_VND,DoorSwap-Reloc-Swap,1000,6047.0,6047.0,0.000,0.055,0.032,72.633,SetA_9x4S5-Solution
SetA_9x4S5,GRASP_VND,Reloc-Swap-DoorSwap,1000,6047.0,6047.0,0.000,0.061,0.032,89.332,SetA_9x4S5-Solution
SetA_9x4S5,GRASP_VND,DoorSwap-Reloc-Swap,10000,6047.0,6047.0,0.000,0.126,0.032,294.686,SetA_9x4S5-Solution
SetA_9x4S5,GRASP_VND,Reloc-Swap-DoorSwap,10000,6047.0,6047.0,0.000,0.131,0.032,309.036,SetA_9x4S5-Solution
SetA_9x4S5,GRASP_VND,DoorSwap-Reloc-Swap,100000,6047.0,6047.0,0.000,0.432,0.032,1250.958,SetA_9x4S5-Solution
SetA_9x4S5,GRASP_VND,Reloc-Swap-DoorSwap,100000,6047.0,6047.0,0.000,0.433,0.032,1253.870,SetA_9x4S5-Solution
SetA_9x4S5,GRASP_VND,DoorSwap-Reloc-Swap,1000000,6047.0,6047.0,0.000,3.127,0.032,9671.329,SetA_9x4S5-Solution
SetA_9x4S5,GRASP_VND,Reloc-Swap-DoorSwap,1000000,6047.0,6047.0,0.000,3.252,0.032,10063.457,SetA_9x4S5-Solution