Instance,Algorithm,Order,Iterations,ObjectiveFunctionValue,OptimalValue,Time(ns),SolutionFile
SetA_10x4S10,GRASP_VND,DoorSwap-Reloc-Swap,1,6595.0,6325.0,10111603,SetA_10x4S10-Solution
SetA_10x4S10,GRASP_VND,DoorSwap-Reloc-Swap,10,6468.0,6325.0,19058906,SetA_10x4S10-Solution
SetA_10x4S10,GRASP_VND,DoorSwap-Reloc-Swap,100,6436.0,6325.0,40083954,SetA_10x4S10-Solution
SetA_10x4S10,GRASP_VND,DoorSwap-Reloc-Swap,1000,6383.0,6325.0,92851026,SetA_10x4S10-Solution
SetA_10x4S10,GRASP_VND,DoorSwap-Reloc-Swap,10000,6325.0,6325.0,201671940,SetA_10x4S10-Solution
SetA_10x4S10,GRASP_VND,DoorSwap-Reloc-Swap,100000,6325.0,6325.0,654166014,SetA_10x4S10-Solution
SetA_10x4S10,GRASP_VND,DoorSwap-Reloc-Swap,1000000,6325.0,6325.0,4210501769,SetA_10x4S10-Solution
SetA_10x4S10,GRASP_VND,Reloc-Swap-DoorSwap,1,6631.0,6325.0,10316407,SetA_10x4S10-Solution
SetA_10x4S10,GRASP_VND,Reloc-Swap-DoorSwap,10,6383.0,6325.0,16725699,SetA_10x4S10-Solution
SetA_10x4S10,GRASP_VND,Reloc-Swap-DoorSwap,100,6428.0,6325.0,32723237,SetA_10x4S10-Solution
SetA_10x4S10,GRASP_VND,Reloc-Swap-DoorSwap,1000,6336.0,6325.0,77077284,SetA_10x4S10-Solution
SetA_10x4S10,GRASP_VND,Reloc-Swap-DoorSwap,10000,6368.0,6325.0,183015068,SetA_10x4S10-Solution
SetA_10x4S10,GRASP_VND,Reloc-Swap-DoorSwap,100000,6325.0,6325.0,615659233,SetA_10x4S10-Solution
SetA_10x4S10,GRASP_VND,Reloc-Swap-DoorSwap,1000000,6325.0,6325.0,4167588333,SetA_10x4S10-Solution
SetA_10x4S15,GRASP_VND,DoorSwap-Reloc-Swap,1,6498.0,6296.0,11466379,SetA_10x4S15-Solution
SetA_10x4S15,GRASP_VND,DoorSwap-Reloc-Swap,10,6461.0,6296.0,17164113,SetA_10x4S15-Solution
SetA_10x4S15,GRASP_VND,DoorSwap-Reloc-Swap,100,6363.0,6296.0,35238178,SetA_10x4S15-Solution
SetA_10x4S15,GRASP_VND,DoorSwap-Reloc-Swap,1000,6296.0,6296.0,88199311,SetA_10x4S15-Solution
SetA_10x4S15,GRASP_VND,DoorSwap-Reloc-Swap,10000,6305.0,6296.0,213478966,SetA_10x4S15-Solution
SetA_10x4S15,GRASP_VND,DoorSwap-Reloc-Swap,100000,6305.0,6296.0,661478056,SetA_10x4S15-Solution
SetA_10x4S15,GRASP_VND,DoorSwap-Reloc-Swap,1000000,6296.0,6296.0,4418100749,SetA_10x4S15-Solution
SetA_10x4S15,GRASP_VND,Reloc-Swap-DoorSwap,1,6689.0,6296.0,11144903,SetA_10x4S15-Solution
SetA_10x4S15,GRASP_VND,Reloc-Swap-DoorSwap,10,6461.0,6296.0,15554751,SetA_10x4S15-Solution
SetA_10x4S15,GRASP_VND,Reloc-Swap-DoorSwap,100,6369.0,6296.0,35304497,SetA_10x4S15-Solution
SetA_10x4S15,GRASP_VND,Reloc-Swap-DoorSwap,1000,6320.0,6296.0,81827448,SetA_10x4S15-Solution
SetA_10x4S15,GRASP_VND,Reloc-Swap-DoorSwap,10000,6305.0,6296.0,202396003,SetA_10x4S15-Solution
SetA_10x4S15,GRASP_VND,Reloc-Swap-DoorSwap,100000,6311.0,6296.0,663516370,SetA_10x4S15-Solution
SetA_10x4S15,GRASP_VND,Reloc-Swap-DoorSwap,1000000,6296.0,6296.0,4440380376,SetA_10x4S15-Solution
SetA_10x4S20,GRASP_VND,DoorSwap-Reloc-Swap,1,6420.0,6267.0,11601375,SetA_10x4S20-Solution
SetA_10x4S20,GRASP_VND,DoorSwap-Reloc-Swap,10,6374.0,6267.0,16869764,SetA_10x4S20-Solution
SetA_10x4S20,GRASP_VND,DoorSwap-Reloc-Swap,100,6373.0,6267.0,37903566,SetA_10x4S20-Solution
SetA_10x4S20,GRASP_VND,DoorSwap-Reloc-Swap,1000,6267.0,6267.0,86234573,SetA_10x4S20-Solution
SetA_10x4S20,GRASP_VND,DoorSwap-Reloc-Swap,10000,6289.0,6267.0,200027816,SetA_10x4S20-Solution
SetA_10x4S20,GRASP_VND,DoorSwap-Reloc-Swap,100000,6267.0,6267.0,678231958,SetA_10x4S20-Solution
SetA_10x4S20,GRASP_VND,DoorSwap-Reloc-Swap,1000000,6267.0,6267.0,4736303161,SetA_10x4S20-Solution
SetA_10x4S20,GRASP_VND,Reloc-Swap-DoorSwap,1,6560.0,6267.0,11508465,SetA_10x4S20-Solution
SetA_10x4S20,GRASP_VND,Reloc-Swap-DoorSwap,10,6403.0,6267.0,16010518,SetA_10x4S20-Solution
SetA_10x4S20,GRASP_VND,Reloc-Swap-DoorSwap,100,6330.0,6267.0,34662230,SetA_10x4S20-Solution
SetA_10x4S20,GRASP_VND,Reloc-Swap-DoorSwap,1000,6291.0,6267.0,79054466,SetA_10x4S20-Solution
SetA_10x4S20,GRASP_VND,Reloc-Swap-DoorSwap,10000,6267.0,6267.0,191468977,SetA_10x4S20-Solution
SetA_10x4S20,GRASP_VND,Reloc-Swap-DoorSwap,100000,6267.0,6267.0,673405763,SetA_10x4S20-Solution
SetA_10x4S20,GRASP_VND,Reloc-Swap-DoorSwap,1000000,6267.0,6267.0,4892872938,SetA_10x4S20-Solution
SetA_10x4S30,GRASP_VND,DoorSwap-Reloc-Swap,1,6571.0,6193.0,11679948,SetA_10x4S30-Solution
SetA_10x4S30,GRASP_VND,DoorSwap-Reloc-Swap,10,6278.0,6193.0,18391481,SetA_10x4S30-Solution
SetA_10x4S30,GRASP_VND,DoorSwap-Reloc-Swap,100,6193.0,6193.0,42746428,SetA_10x4S30-Solution
SetA_10x4S30,GRASP_VND,DoorSwap-Reloc-Swap,1000,6193.0,6193.0,92669489,SetA_10x4S30-Solution
SetA_10x4S30,GRASP_VND,DoorSwap-Reloc-Swap,10000,6193.0,6193.0,216828263,SetA_10x4S30-Solution
SetA_10x4S30,GRASP_VND,DoorSwap-Reloc-Swap,100000,6193.0,6193.0,726682313,SetA_10x4S30-Solution
SetA_10x4S30,GRASP_VND,DoorSwap-Reloc-Swap,1000000,6193.0,6193.0,5050274582,SetA_10x4S30-Solution
SetA_10x4S30,GRASP_VND,Reloc-Swap-DoorSwap,1,6433.0,6193.0,11728296,SetA_10x4S30-Solution
SetA_10x4S30,GRASP_VND,Reloc-Swap-DoorSwap,10,6286.0,6193.0,16373358,SetA_10x4S30-Solution
SetA_10x4S30,GRASP_VND,Reloc-Swap-DoorSwap,100,6222.0,6193.0,36185018,SetA_10x4S30-Solution
SetA_10x4S30,GRASP_VND,Reloc-Swap-DoorSwap,1000,6193.0,6193.0,84123600,SetA_10x4S30-Solution
SetA_10x4S30,GRASP_VND,Reloc-Swap-DoorSwap,10000,6193.0,6193.0,214698815,SetA_10x4S30-Solution
SetA_10x4S30,GRASP_VND,Reloc-Swap-DoorSwap,100000,6193.0,6193.0,719131731,SetA_10x4S30-Solution
SetA_10x4S30,GRASP_VND,Reloc-Swap-DoorSwap,1000000,6193.0,6193.0,5170787596,SetA_10x4S30-Solution
SetA_10x4S5,GRASP_VND,DoorSwap-Reloc-Swap,1,6599.0,6518.0,10764053,SetA_10x4S5-Solution
SetA_10x4S5,GRASP_VND,DoorSwap-Reloc-Swap,10,6549.0,6518.0,15871917,SetA_10x4S5-Solution
SetA_10x4S5,GRASP_VND,DoorSwap-Reloc-Swap,100,6518.0,6518.0,33092440,SetA_10x4S5-Solution
SetA_10x4S5,GRASP_VND,DoorSwap-Reloc-Swap,1000,6518.0,6518.0,85996112,SetA_10x4S5-Solution
SetA_10x4S5,GRASP_VND,DoorSwap-Reloc-Swap,10000,6518.0,6518.0,229602572,SetA_10x4S5-Solution
SetA_10x4S5,GRASP_VND,DoorSwap-Reloc-Swap,100000,6518.0,6518.0,1048916001,SetA_10x4S5-Solution
SetA_10x4S5,GRASP_VND,DoorSwap-Reloc-Swap,1000000,6518.0,6518.0,8491594680,SetA_10x4S5-Solution
SetA_10x4S5,GRASP_VND,Reloc-Swap-DoorSwap,1,6577.0,6518.0,11188352,SetA_10x4S5-Solution
SetA_10x4S5,GRASP_VND,Reloc-Swap-DoorSwap,10,6541.0,6518.0,16382697,SetA_10x4S5-Solution
SetA_10x4S5,GRASP_VND,Reloc-Swap-DoorSwap,100,6538.0,6518.0,36563220,SetA_10x4S5-Solution
SetA_10x4S5,GRASP_VND,Reloc-Swap-DoorSwap,1000,6518.0,6518.0,92655257,SetA_10x4S5-Solution
SetA_10x4S5,GRASP_VND,Reloc-Swap-DoorSwap,10000,6518.0,6518.0,226322214,SetA_10x4S5-Solution
SetA_10x4S5,GRASP_VND,Reloc-Swap-DoorSwap,100000,6518.0,6518.0,1083717880,SetA_10x4S5-Solution
SetA_10x4S5,GRASP_VND,Reloc-Swap-DoorSwap,1000000,6518.0,6518.0,8830901268,SetA_10x4S5-Solution
SetA_10x5S10,GRASP_VND,DoorSwap-Reloc-Swap,1,6919.0,6476.0,11194094,SetA_10x5S10-Solution
SetA_10x5S10,GRASP_VND,DoorSwap-Reloc-Swap,10,6615.0,6476.0,16842679,SetA_10x5S10-Solution
SetA_10x5S10,GRASP_VND,DoorSwap-Reloc-Swap,100,6551.0,6476.0,35775898,SetA_10x5S10-Solution
SetA_10x5S10,GRASP_VND,DoorSwap-Reloc-Swap,1000,6478.0,6476.0,80680026,SetA_10x5S10-Solution
SetA_10x5S10,GRASP_VND,DoorSwap-Reloc-Swap,10000,6487.0,6476.0,184646192,SetA_10x5S10-Solution
SetA_10x5S10,GRASP_VND,DoorSwap-Reloc-Swap,100000,6478.0,6476.0,644756913,SetA_10x5S10-Solution
SetA_10x5S10,GRASP_VND,DoorSwap-Reloc-Swap,1000000,6478.0,6476.0,4379853205,SetA_10x5S10-Solution
SetA_10x5S10,GRASP_VND,Reloc-Swap-DoorSwap,1,6886.0,6476.0,10532752,SetA_10x5S10-Solution
SetA_10x5S10,GRASP_VND,Reloc-Swap-DoorSwap,10,6572.0,6476.0,17026094,SetA_10x5S10-Solution
SetA_10x5S10,GRASP_VND,Reloc-Swap-DoorSwap,100,6536.0,6476.0,37373908,SetA_10x5S10-Solution
SetA_10x5S10,GRASP_VND,Reloc-Swap-DoorSwap,1000,6496.0,6476.0,84968632,SetA_10x5S10-Solution
SetA_10x5S10,GRASP_VND,Reloc-Swap-DoorSwap,10000,6482.0,6476.0,216181926,SetA_10x5S10-Solution
SetA_10x5S10,GRASP_VND,Reloc-Swap-DoorSwap,100000,6480.0,6476.0,681926062,SetA_10x5S10-Solution
SetA_10x5S10,GRASP_VND,Reloc-Swap-DoorSwap,1000000,6478.0,6476.0,4655918538,SetA_10x5S10-Solution
SetA_10x5S15,GRASP_VND,DoorSwap-Reloc-Swap,1,6548.0,6397.0,10819124,SetA_10x5S15-Solution
SetA_10x5S15,GRASP_VND,DoorSwap-Reloc-Swap,10,6525.0,6397.0,66656845,SetA_10x5S15-Solution
SetA_10x5S15,GRASP_VND,DoorSwap-Reloc-Swap,100,6448.0,6397.0,41035235,SetA_10x5S15-Solution
SetA_10x5S15,GRASP_VND,DoorSwap-Reloc-Swap,1000,6421.0,6397.0,103598661,SetA_10x5S15-Solution
SetA_10x5S15,GRASP_VND,DoorSwap-Reloc-Swap,10000,6428.0,6397.0,224123653,SetA_10x5S15-Solution
SetA_10x5S15,GRASP_VND,DoorSwap-Reloc-Swap,100000,6397.0,6397.0,672622286,SetA_10x5S15-Solution
SetA_10x5S15,GRASP_VND,DoorSwap-Reloc-Swap,1000000,6397.0,6397.0,4629097128,SetA_10x5S15-Solution
SetA_10x5S15,GRASP_VND,Reloc-Swap-DoorSwap,1,6575.0,6397.0,11121561,SetA_10x5S15-Solution
SetA_10x5S15,GRASP_VND,Reloc-Swap-DoorSwap,10,6422.0,6397.0,17954994,SetA_10x5S15-Solution
SetA_10x5S15,GRASP_VND,Reloc-Swap-DoorSwap,100,6492.0,6397.0,37267336,SetA_10x5S15-Solution
SetA_10x5S15,GRASP_VND,Reloc-Swap-DoorSwap,1000,6421.0,6397.0,89485353,SetA_10x5S15-Solution
SetA_10x5S15,GRASP_VND,Reloc-Swap-DoorSwap,10000,6424.0,6397.0,208885869,SetA_10x5S15-Solution
SetA_10x5S15,GRASP_VND,Reloc-Swap-DoorSwap,100000,6397.0,6397.0,694453135,SetA_10x5S15-Solution
SetA_10x5S15,GRASP_VND,Reloc-Swap-DoorSwap,1000000,6397.0,6397.0,4580790741,SetA_10x5S15-Solution
SetA_10x5S20,GRASP_VND,DoorSwap-Reloc-Swap,1,6550.0,6342.0,11926013,SetA_10x5S20-Solution
SetA_10x5S20,GRASP_VND,DoorSwap-Reloc-Swap,10,6462.0,6342.0,17770862,SetA_10x5S20-Solution
SetA_10x5S20,GRASP_VND,DoorSwap-Reloc-Swap,100,6416.0,6342.0,40422836,SetA_10x5S20-Solution
SetA_10x5S20,GRASP_VND,DoorSwap-Reloc-Swap,1000,6360.0,6342.0,96485938,SetA_10x5S20-Solution
SetA_10x5S20,GRASP_VND,DoorSwap-Reloc-Swap,10000,6351.0,6342.0,225594481,SetA_10x5S20-Solution
SetA_10x5S20,GRASP_VND,DoorSwap-Reloc-Swap,100000,6351.0,6342.0,718864734,SetA_10x5S20-Solution
SetA_10x5S20,GRASP_VND,DoorSwap-Reloc-Swap,1000000,6351.0,6342.0,4890008823,SetA_10x5S20-Solution
SetA_10x5S20,GRASP_VND,Reloc-Swap-DoorSwap,1,6695.0,6342.0,10827078,SetA_10x5S20-Solution
SetA_10x5S20,GRASP_VND,Reloc-Swap-DoorSwap,10,6485.0,6342.0,18124854,SetA_10x5S20-Solution
SetA_10x5S20,GRASP_VND,Reloc-Swap-DoorSwap,100,6369.0,6342.0,38183328,SetA_10x5S20-Solution
SetA_10x5S20,GRASP_VND,Reloc-Swap-DoorSwap,1000,6354.0,6342.0,89458915,SetA_10x5S20-Solution
SetA_10x5S20,GRASP_VND,Reloc-Swap-DoorSwap,10000,6361.0,6342.0,216314955,SetA_10x5S20-Solution
SetA_10x5S20,GRASP_VND,Reloc-Swap-DoorSwap,100000,6342.0,6342.0,716266728,SetA_10x5S20-Solution
SetA_10x5S20,GRASP_VND,Reloc-Swap-DoorSwap,1000000,6354.0,6342.0,4951815291,SetA_10x5S20-Solution
SetA_10x5S30,GRASP_VND,DoorSwap-Reloc-Swap,1,6398.0,6308.0,11850058,SetA_10x5S30-Solution
SetA_10x5S30,GRASP_VND,DoorSwap-Reloc-Swap,10,6400.0,6308.0,18273075,SetA_10x5S30-Solution
SetA_10x5S30,GRASP_VND,DoorSwap-Reloc-Swap,100,6343.0,6308.0,46975295,SetA_10x5S30-Solution
SetA_10x5S30,GRASP_VND,DoorSwap-Reloc-Swap,1000,6308.0,6308.0,112446269,SetA_10x5S30-Solution
SetA_10x5S30,GRASP_VND,DoorSwap-Reloc-Swap,10000,6333.0,6308.0,254142240,SetA_10x5S30-Solution
SetA_10x5S30,GRASP_VND,DoorSwap-Reloc-Swap,100000,6333.0,6308.0,796546500,SetA_10x5S30-Solution
SetA_10x5S30,GRASP_VND,DoorSwap-Reloc-Swap,1000000,6333.0,6308.0,5304225941,SetA_10x5S30-Solution
SetA_10x5S30,GRASP_VND,Reloc-Swap-DoorSwap,1,6496.0,6308.0,10139729,SetA_10x5S30-Solution
SetA_10x5S30,GRASP_VND,Reloc-Swap-DoorSwap,10,6383.0,6308.0,16005498,SetA_10x5S30-Solution
SetA_10x5S30,GRASP_VND,Reloc-Swap-DoorSwap,100,6333.0,6308.0,37780365,SetA_10x5S30-Solution
SetA_10x5S30,GRASP_VND,Reloc-Swap-DoorSwap,1000,6324.0,6308.0,90095274,SetA_10x5S30-Solution
SetA_10x5S30,GRASP_VND,Reloc-Swap-DoorSwap,10000,6308.0,6308.0,218178212,SetA_10x5S30-Solution
SetA_10x5S30,GRASP_VND,Reloc-Swap-DoorSwap,100000,6333.0,6308.0,721425908,SetA_10x5S30-Solution
SetA_10x5S30,GRASP_VND,Reloc-Swap-DoorSwap,1000000,6333.0,6308.0,5223582021,SetA_10x5S30-Solution
SetA_10x5S5,GRASP_VND,DoorSwap-Reloc-Swap,1,6706.0,6616.0,10785538,SetA_10x5S5-Solution
SetA_10x5S5,GRASP_VND,DoorSwap-Reloc-Swap,10,6622.0,6616.0,16137434,SetA_10x5S5-Solution
SetA_10x5S5,GRASP_VND,DoorSwap-Reloc-Swap,100,6618.0,6616.0,33951560,SetA_10x5S5-Solution
SetA_10x5S5,GRASP_VND,DoorSwap-Reloc-Swap,1000,6616.0,6616.0,78436017,SetA_10x5S5-Solution
SetA_10x5S5,GRASP_VND,DoorSwap-Reloc-Swap,10000,6616.0,6616.0,213076936,SetA_10x5S5-Solution
SetA_10x5S5,GRASP_VND,DoorSwap-Reloc-Swap,100000,6616.0,6616.0,602070635,SetA_10x5S5-Solution
SetA_10x5S5,GRASP_VND,DoorSwap-Reloc-Swap,1000000,6616.0,6616.0,4002782734,SetA_10x5S5-Solution
SetA_10x5S5,GRASP_VND,Reloc-Swap-DoorSwap,1,6677.0,6616.0,11883344,SetA_10x5S5-Solution
SetA_10x5S5,GRASP_VND,Reloc-Swap-DoorSwap,10,6618.0,6616.0,16193817,SetA_10x5S5-Solution
SetA_10x5S5,GRASP_VND,Reloc-Swap-DoorSwap,100,6616.0,6616.0,36101496,SetA_10x5S5-Solution
SetA_10x5S5,GRASP_VND,Reloc-Swap-DoorSwap,1000,6616.0,6616.0,83501704,SetA_10x5S5-Solution
SetA_10x5S5,GRASP_VND,Reloc-Swap-DoorSwap,10000,6616.0,6616.0,247160650,SetA_10x5S5-Solution
SetA_10x5S5,GRASP_VND,Reloc-Swap-DoorSwap,100000,6616.0,6616.0,578078883,SetA_10x5S5-Solution
SetA_10x5S5,GRASP_VND,Reloc-Swap-DoorSwap,1000000,6616.0,6616.0,4013916363,SetA_10x5S5-Solution
SetA_11x5S10,GRASP_VND,DoorSwap-Reloc-Swap,1,7827.0,7572.0,12001714,SetA_11x5S10-Solution
SetA_11x5S10,GRASP_VND,DoorSwap-Reloc-Swap,10,7738.0,7572.0,17919516,SetA_11x5S10-Solution
SetA_11x5S10,GRASP_VND,DoorSwap-Reloc-Swap,100,7632.0,7572.0,40093120,SetA_11x5S10-Solution
SetA_11x5S10,GRASP_VND,DoorSwap-Reloc-Swap,1000,7600.0,7572.0,100764996,SetA_11x5S10-Solution
SetA_11x5S10,GRASP_VND,DoorSwap-Reloc-Swap,10000,7585.0,7572.0,235550872,SetA_11x5S10-Solution
SetA_11x5S10,GRASP_VND,DoorSwap-Reloc-Swap,100000,7583.0,7572.0,916044138,SetA_11x5S10-Solution
SetA_11x5S10,GRASP_VND,DoorSwap-Reloc-Swap,1000000,7583.0,7572.0,6214722475,SetA_11x5S10-Solution
SetA_11x5S10,GRASP_VND,Reloc-Swap-DoorSwap,1,7866.0,7572.0,10529001,SetA_11x5S10-Solution
SetA_11x5S10,GRASP_VND,Reloc-Swap-DoorSwap,10,7629.0,7572.0,18735385,SetA_11x5S10-Solution
SetA_11x5S10,GRASP_VND,Reloc-Swap-DoorSwap,100,7644.0,7572.0,39479983,SetA_11x5S10-Solution
SetA_11x5S10,GRASP_VND,Reloc-Swap-DoorSwap,1000,7592.0,7572.0,110024153,SetA_11x5S10-Solution
SetA_11x5S10,GRASP_VND,Reloc-Swap-DoorSwap,10000,7572.0,7572.0,231313849,SetA_11x5S10-Solution
SetA_11x5S10,GRASP_VND,Reloc-Swap-DoorSwap,100000,7572.0,7572.0,902478423,SetA_11x5S10-Solution
SetA_11x5S10,GRASP_VND,Reloc-Swap-DoorSwap,1000000,7592.0,7572.0,6186734145,SetA_11x5S10-Solution
SetA_11x5S15,GRASP_VND,DoorSwap-Reloc-Swap,1,7973.0,7535.0,12490336,SetA_11x5S15-Solution
SetA_11x5S15,GRASP_VND,DoorSwap-Reloc-Swap,10,7666.0,7535.0,18174306,SetA_11x5S15-Solution
SetA_11x5S15,GRASP_VND,DoorSwap-Reloc-Swap,100,7607.0,7535.0,57304327,SetA_11x5S15-Solution
SetA_11x5S15,GRASP_VND,DoorSwap-Reloc-Swap,1000,7558.0,7535.0,111257636,SetA_11x5S15-Solution
SetA_11x5S15,GRASP_VND,DoorSwap-Reloc-Swap,10000,7542.0,7535.0,236325309,SetA_11x5S15-Solution
SetA_11x5S15,GRASP_VND,DoorSwap-Reloc-Swap,100000,7543.0,7535.0,880737717,SetA_11x5S15-Solution
SetA_11x5S15,GRASP_VND,DoorSwap-Reloc-Swap,1000000,7542.0,7535.0,5764474766,SetA_11x5S15-Solution
SetA_11x5S15,GRASP_VND,Reloc-Swap-DoorSwap,1,7746.0,7535.0,9756953,SetA_11x5S15-Solution
SetA_11x5S15,GRASP_VND,Reloc-Swap-DoorSwap,10,7585.0,7535.0,16907414,SetA_11x5S15-Solution
SetA_11x5S15,GRASP_VND,Reloc-Swap-DoorSwap,100,7572.0,7535.0,39356626,SetA_11x5S15-Solution
SetA_11x5S15,GRASP_VND,Reloc-Swap-DoorSwap,1000,7544.0,7535.0,97766166,SetA_11x5S15-Solution
SetA_11x5S15,GRASP_VND,Reloc-Swap-DoorSwap,10000,7542.0,7535.0,233042299,SetA_11x5S15-Solution
SetA_11x5S15,GRASP_VND,Reloc-Swap-DoorSwap,100000,7535.0,7535.0,788797290,SetA_11x5S15-Solution
SetA_11x5S15,GRASP_VND,Reloc-Swap-DoorSwap,1000000,7535.0,7535.0,5611864702,SetA_11x5S15-Solution
SetA_11x5S20,GRASP_VND,DoorSwap-Reloc-Swap,1,7863.0,7439.0,10891756,SetA_11x5S20-Solution
SetA_11x5S20,GRASP_VND,DoorSwap-Reloc-Swap,10,7528.0,7439.0,19666734,SetA_11x5S20-Solution
SetA_11x5S20,GRASP_VND,DoorSwap-Reloc-Swap,100,7484.0,7439.0,44290404,SetA_11x5S20-Solution
SetA_11x5S20,GRASP_VND,DoorSwap-Reloc-Swap,1000,7471.0,7439.0,117499258,SetA_11x5S20-Solution
SetA_11x5S20,GRASP_VND,DoorSwap-Reloc-Swap,10000,7478.0,7439.0,267233799,SetA_11x5S20-Solution
SetA_11x5S20,GRASP_VND,DoorSwap-Reloc-Swap,100000,7465.0,7439.0,857926372,SetA_11x5S20-Solution
SetA_11x5S20,GRASP_VND,DoorSwap-Reloc-Swap,1000000,7471.0,7439.0,6051962120,SetA_11x5S20-Solution
SetA_11x5S20,GRASP_VND,Reloc-Swap-DoorSwap,1,7708.0,7439.0,11806178,SetA_11x5S20-Solution
SetA_11x5S20,GRASP_VND,Reloc-Swap-DoorSwap,10,7685.0,7439.0,22526311,SetA_11x5S20-Solution
SetA_11x5S20,GRASP_VND,Reloc-Swap-DoorSwap,100,7531.0,7439.0,40120582,SetA_11x5S20-Solution
SetA_11x5S20,GRASP_VND,Reloc-Swap-DoorSwap,1000,7470.0,7439.0,96928210,SetA_11x5S20-Solution
SetA_11x5S20,GRASP_VND,Reloc-Swap-DoorSwap,10000,7478.0,7439.0,232911789,SetA_11x5S20-Solution
SetA_11x5S20,GRASP_VND,Reloc-Swap-DoorSwap,100000,7470.0,7439.0,808338862,SetA_11x5S20-Solution
SetA_11x5S20,GRASP_VND,Reloc-Swap-DoorSwap,1000000,7445.0,7439.0,6220936724,SetA_11x5S20-Solution
SetA_11x5S30,GRASP_VND,DoorSwap-Reloc-Swap,1,7745.0,7420.0,12582625,SetA_11x5S30-Solution
SetA_11x5S30,GRASP_VND,DoorSwap-Reloc-Swap,10,7514.0,7420.0,20110788,SetA_11x5S30-Solution
SetA_11x5S30,GRASP_VND,DoorSwap-Reloc-Swap,100,7485.0,7420.0,46703892,SetA_11x5S30-Solution
SetA_11x5S30,GRASP_VND,DoorSwap-Reloc-Swap,1000,7459.0,7420.0,124601615,SetA_11x5S30-Solution
SetA_11x5S30,GRASP_VND,DoorSwap-Reloc-Swap,10000,7450.0,7420.0,289064539,SetA_11x5S30-Solution
SetA_11x5S30,GRASP_VND,DoorSwap-Reloc-Swap,100000,7428.0,7420.0,949711512,SetA_11x5S30-Solution
SetA_11x5S30,GRASP_VND,DoorSwap-Reloc-Swap,1000000,7428.0,7420.0,6352227906,SetA_11x5S30-Solution
SetA_11x5S30,GRASP_VND,Reloc-Swap-DoorSwap,1,7792.0,7420.0,11264562,SetA_11x5S30-Solution
SetA_11x5S30,GRASP_VND,Reloc-Swap-DoorSwap,10,7490.0,7420.0,18079061,SetA_11x5S30-Solution
SetA_11x5S30,GRASP_VND,Reloc-Swap-DoorSwap,100,7467.0,7420.0,43056926,SetA_11x5S30-Solution
SetA_11x5S30,GRASP_VND,Reloc-Swap-DoorSwap,1000,7439.0,7420.0,119150362,SetA_11x5S30-Solution
SetA_11x5S30,GRASP_VND,Reloc-Swap-DoorSwap,10000,7440.0,7420.0,259742982,SetA_11x5S30-Solution
SetA_11x5S30,GRASP_VND,Reloc-Swap-DoorSwap,100000,7428.0,7420.0,898215427,SetA_11x5S30-Solution
SetA_11x5S30,GRASP_VND,Reloc-Swap-DoorSwap,1000000,7428.0,7420.0,6770216533,SetA_11x5S30-Solution
SetA_11x5S5,GRASP_VND,DoorSwap-Reloc-Swap,1,7948.0,7812.0,13624469,SetA_11x5S5-Solution
SetA_11x5S5,GRASP_VND,DoorSwap-Reloc-Swap,10,7940.0,7812.0,19084910,SetA_11x5S5-Solution
SetA_11x5S5,GRASP_VND,DoorSwap-Reloc-Swap,100,7818.0,7812.0,47573243,SetA_11x5S5-Solution
SetA_11x5S5,GRASP_VND,DoorSwap-Reloc-Swap,1000,7812.0,7812.0,144908185,SetA_11x5S5-Solution
SetA_11x5S5,GRASP_VND,DoorSwap-Reloc-Swap,10000,7812.0,7812.0,441324045,SetA_11x5S5-Solution
SetA_11x5S5,GRASP_VND,DoorSwap-Reloc-Swap,100000,7812.0,7812.0,2694196532,SetA_11x5S5-Solution
SetA_11x5S5,GRASP_VND,DoorSwap-Reloc-Swap,1000000,7812.0,7812.0,24378923781,SetA_11x5S5-Solution
SetA_11x5S5,GRASP_VND,Reloc-Swap-DoorSwap,1,8069.0,7812.0,13977385,SetA_11x5S5-Solution
SetA_11x5S5,GRASP_VND,Reloc-Swap-DoorSwap,10,7944.0,7812.0,21272781,SetA_11x5S5-Solution
SetA_11x5S5,GRASP_VND,Reloc-Swap-DoorSwap,100,7818.0,7812.0,49309272,SetA_11x5S5-Solution
SetA_11x5S5,GRASP_VND,Reloc-Swap-DoorSwap,1000,7812.0,7812.0,170651663,SetA_11x5S5-Solution
SetA_11x5S5,GRASP_VND,Reloc-Swap-DoorSwap,10000,7812.0,7812.0,459426383,SetA_11x5S5-Solution
SetA_11x5S5,GRASP_VND,Reloc-Swap-DoorSwap,100000,7812.0,7812.0,2716845441,SetA_11x5S5-Solution
SetA_11x5S5,GRASP_VND,Reloc-Swap-DoorSwap,1000000,7812.0,7812.0,26758326332,SetA_11x5S5-Solution
SetA_12x5S10,GRASP_VND,DoorSwap-Reloc-Swap,1,8275.0,7978.0,10929910,SetA_12x5S10-Solution
SetA_12x5S10,GRASP_VND,DoorSwap-Reloc-Swap,10,8244.0,7978.0,17887485,SetA_12x5S10-Solution
SetA_12x5S10,GRASP_VND,DoorSwap-Reloc-Swap,100,8201.0,7978.0,42784225,SetA_12x5S10-Solution
SetA_12x5S10,GRASP_VND,DoorSwap-Reloc-Swap,1000,8044.0,7978.0,99051419,SetA_12x5S10-Solution
SetA_12x5S10,GRASP_VND,DoorSwap-Reloc-Swap,10000,8044.0,7978.0,235155361,SetA_12x5S10-Solution
SetA_12x5S10,GRASP_VND,DoorSwap-Reloc-Swap,100000,8077.0,7978.0,886747051,SetA_12x5S10-Solution
SetA_12x5S10,GRASP_VND,DoorSwap-Reloc-Swap,1000000,8016.0,7978.0,7622845723,SetA_12x5S10-Solution
SetA_12x5S10,GRASP_VND,Reloc-Swap-DoorSwap,1,8469.0,7978.0,9855466,SetA_12x5S10-Solution
SetA_12x5S10,GRASP_VND,Reloc-Swap-DoorSwap,10,8251.0,7978.0,17290962,SetA_12x5S10-Solution
SetA_12x5S10,GRASP_VND,Reloc-Swap-DoorSwap,100,8130.0,7978.0,58428528,SetA_12x5S10-Solution
SetA_12x5S10,GRASP_VND,Reloc-Swap-DoorSwap,1000,8058.0,7978.0,107448981,SetA_12x5S10-Solution
SetA_12x5S10,GRASP_VND,Reloc-Swap-DoorSwap,10000,8020.0,7978.0,217031872,SetA_12x5S10-Solution
SetA_12x5S10,GRASP_VND,Reloc-Swap-DoorSwap,100000,8047.0,7978.0,873401680,SetA_12x5S10-Solution
SetA_12x5S10,GRASP_VND,Reloc-Swap-DoorSwap,1000000,8021.0,7978.0,6203958736,SetA_12x5S10-Solution
SetA_12x5S15,GRASP_VND,DoorSwap-Reloc-Swap,1,8406.0,7939.0,11885079,SetA_12x5S15-Solution
SetA_12x5S15,GRASP_VND,DoorSwap-Reloc-Swap,10,8212.0,7939.0,19004539,SetA_12x5S15-Solution
SetA_12x5S15,GRASP_VND,DoorSwap-Reloc-Swap,100,8003.0,7939.0,42626788,SetA_12x5S15-Solution
SetA_12x5S15,GRASP_VND,DoorSwap-Reloc-Swap,1000,8010.0,7939.0,105598582,SetA_12x5S15-Solution
SetA_12x5S15,GRASP_VND,DoorSwap-Reloc-Swap,10000,8024.0,7939.0,225157380,SetA_12x5S15-Solution
SetA_12x5S15,GRASP_VND,DoorSwap-Reloc-Swap,100000,8012.0,7939.0,866488897,SetA_12x5S15-Solution
SetA_12x5S15,GRASP_VND,DoorSwap-Reloc-Swap,1000000,7984.0,7939.0,11285712379,SetA_12x5S15-Solution
SetA_12x5S15,GRASP_VND,Reloc-Swap-DoorSwap,1,8238.0,7939.0,18034928,SetA_12x5S15-Solution
SetA_12x5S15,GRASP_VND,Reloc-Swap-DoorSwap,10,8185.0,7939.0,21589618,SetA_12x5S15-Solution
SetA_12x5S15,GRASP_VND,Reloc-Swap-DoorSwap,100,8153.0,7939.0,45693813,SetA_12x5S15-Solution
SetA_12x5S15,GRASP_VND,Reloc-Swap-DoorSwap,1000,7977.0,7939.0,98552020,SetA_12x5S15-Solution
SetA_12x5S15,GRASP_VND,Reloc-Swap-DoorSwap,10000,8012.0,7939.0,2752086112,SetA_12x5S15-Solution
SetA_12x5S15,GRASP_VND,Reloc-Swap-DoorSwap,100000,7994.0,7939.0,8762236249,SetA_12x5S15-Solution
SetA_12x5S15,GRASP_VND,Reloc-Swap-DoorSwap,1000000,7978.0,7939.0,22717566716,SetA_12x5S15-Solution
SetA_12x5S20,GRASP_VND,DoorSwap-Reloc-Swap,1,8244.0,7939.0,11523728,SetA_12x5S20-Solution
SetA_12x5S20,GRASP_VND,DoorSwap-Reloc-Swap,10,8064.0,7939.0,19409438,SetA_12x5S20-Solution
SetA_12x5S20,GRASP_VND,DoorSwap-Reloc-Swap,100,8013.0,7939.0,44907560,SetA_12x5S20-Solution
SetA_12x5S20,GRASP_VND,DoorSwap-Reloc-Swap,1000,7972.0,7939.0,120809050,SetA_12x5S20-Solution
SetA_12x5S20,GRASP_VND,DoorSwap-Reloc-Swap,10000,7966.0,7939.0,292282428,SetA_12x5S20-Solution
SetA_12x5S20,GRASP_VND,DoorSwap-Reloc-Swap,100000,7986.0,7939.0,956218245,SetA_12x5S20-Solution
SetA_12x5S20,GRASP_VND,DoorSwap-Reloc-Swap,1000000,7939.0,7939.0,38563007112,SetA_12x5S20-Solution
SetA_12x5S20,GRASP_VND,Reloc-Swap-DoorSwap,1,8356.0,7939.0,17288667,SetA_12x5S20-Solution
SetA_12x5S20,GRASP_VND,Reloc-Swap-DoorSwap,10,8086.0,7939.0,18064609,SetA_12x5S20-Solution
SetA_12x5S20,GRASP_VND,Reloc-Swap-DoorSwap,100,7949.0,7939.0,40627201,SetA_12x5S20-Solution
SetA_12x5S20,GRASP_VND,Reloc-Swap-DoorSwap,1000,7996.0,7939.0,105066138,SetA_12x5S20-Solution
SetA_12x5S20,GRASP_VND,Reloc-Swap-DoorSwap,10000,8003.0,7939.0,257603442,SetA_12x5S20-Solution
SetA_12x5S20,GRASP_VND,Reloc-Swap-DoorSwap,100000,7998.0,7939.0,930984060,SetA_12x5S20-Solution
SetA_12x5S20,GRASP_VND,Reloc-Swap-DoorSwap,1000000,7961.0,7939.0,8688498368,SetA_12x5S20-Solution
SetA_12x5S30,GRASP_VND,DoorSwap-Reloc-Swap,1,8175.0,7923.0,14380576,SetA_12x5S30-Solution
SetA_12x5S30,GRASP_VND,DoorSwap-Reloc-Swap,10,8019.0,7923.0,20467934,SetA_12x5S30-Solution
SetA_12x5S30,GRASP_VND,DoorSwap-Reloc-Swap,100,7973.0,7923.0,50581954,SetA_12x5S30-Solution
SetA_12x5S30,GRASP_VND,DoorSwap-Reloc-Swap,1000,7964.0,7923.0,140390908,SetA_12x5S30-Solution
SetA_12x5S30,GRASP_VND,DoorSwap-Reloc-Swap,10000,7987.0,7923.0,313070303,SetA_12x5S30-Solution
SetA_12x5S30,GRASP_VND,DoorSwap-Reloc-Swap,100000,7964.0,7923.0,1055688658,SetA_12x5S30-Solution
SetA_12x5S30,GRASP_VND,DoorSwap-Reloc-Swap,1000000,7948.0,7923.0,18777212295,SetA_12x5S30-Solution
SetA_12x5S30,GRASP_VND,Reloc-Swap-DoorSwap,1,8286.0,7923.0,13433856,SetA_12x5S30-Solution
SetA_12x5S30,GRASP_VND,Reloc-Swap-DoorSwap,10,8170.0,7923.0,17369712,SetA_12x5S30-Solution
SetA_12x5S30,GRASP_VND,Reloc-Swap-DoorSwap,100,8037.0,7923.0,46553816,SetA_12x5S30-Solution
SetA_12x5S30,GRASP_VND,Reloc-Swap-DoorSwap,1000,7952.0,7923.0,123526868,SetA_12x5S30-Solution
SetA_12x5S30,GRASP_VND,Reloc-Swap-DoorSwap,10000,7953.0,7923.0,300312321,SetA_12x5S30-Solution
SetA_12x5S30,GRASP_VND,Reloc-Swap-DoorSwap,100000,7948.0,7923.0,1002165321,SetA_12x5S30-Solution
SetA_12x5S30,GRASP_VND,Reloc-Swap-DoorSwap,1000000,7937.0,7923.0,7972398020,SetA_12x5S30-Solution
SetA_12x5S5,GRASP_VND,DoorSwap-Reloc-Swap,1,8498.0,8072.0,17888976,SetA_12x5S5-Solution
SetA_12x5S5,GRASP_VND,DoorSwap-Reloc-Swap,10,8225.0,8072.0,21561215,SetA_12x5S5-Solution
SetA_12x5S5,GRASP_VND,DoorSwap-Reloc-Swap,100,8186.0,8072.0,43937013,SetA_12x5S5-Solution
SetA_12x5S5,GRASP_VND,DoorSwap-Reloc-Swap,1000,8144.0,8072.0,125818414,SetA_12x5S5-Solution
SetA_12x5S5,GRASP_VND,DoorSwap-Reloc-Swap,10000,8072.0,8072.0,348429352,SetA_12x5S5-Solution
SetA_12x5S5,GRASP_VND,DoorSwap-Reloc-Swap,100000,8072.0,8072.0,1632968579,SetA_12x5S5-Solution
SetA_12x5S5,GRASP_VND,DoorSwap-Reloc-Swap,1000000,8072.0,8072.0,14263929853,SetA_12x5S5-Solution
SetA_12x5S5,GRASP_VND,Reloc-Swap-DoorSwap,1,8550.0,8072.0,11483458,SetA_12x5S5-Solution
SetA_12x5S5,GRASP_VND,Reloc-Swap-DoorSwap,10,8261.0,8072.0,19934396,SetA_12x5S5-Solution
SetA_12x5S5,GRASP_VND,Reloc-Swap-DoorSwap,100,8243.0,8072.0,41587537,SetA_12x5S5-Solution
SetA_12x5S5,GRASP_VND,Reloc-Swap-DoorSwap,1000,8125.0,8072.0,152741274,SetA_12x5S5-Solution
SetA_12x5S5,GRASP_VND,Reloc-Swap-DoorSwap,10000,8088.0,8072.0,441924807,SetA_12x5S5-Solution
SetA_12x5S5,GRASP_VND,Reloc-Swap-DoorSwap,100000,8088.0,8072.0,1653649666,SetA_12x5S5-Solution
SetA_12x5S5,GRASP_VND,Reloc-Swap-DoorSwap,1000000,8087.0,8072.0,14005824745,SetA_12x5S5-Solution
SetA_12x6S10,GRASP_VND,DoorSwap-Reloc-Swap,1,10954.0,10456.0,20879982,SetA_12x6S10-Solution
SetA_12x6S10,GRASP_VND,DoorSwap-Reloc-Swap,10,10818.0,10456.0,39185404,SetA_12x6S10-Solution
SetA_12x6S10,GRASP_VND,DoorSwap-Reloc-Swap,100,10698.0,10456.0,67036457,SetA_12x6S10-Solution
SetA_12x6S10,GRASP_VND,DoorSwap-Reloc-Swap,1000,10586.0,10456.0,229322749,SetA_12x6S10-Solution
SetA_12x6S10,GRASP_VND,DoorSwap-Reloc-Swap,10000,10491.0,10456.0,419040441,SetA_12x6S10-Solution
SetA_12x6S10,GRASP_VND,DoorSwap-Reloc-Swap,100000,10555.0,10456.0,1386459962,SetA_12x6S10-Solution
SetA_12x6S10,GRASP_VND,DoorSwap-Reloc-Swap,1000000,10525.0,10456.0,6934871121,SetA_12x6S10-Solution
SetA_12x6S10,GRASP_VND,Reloc-Swap-DoorSwap,1,10736.0,10456.0,11405467,SetA_12x6S10-Solution
SetA_12x6S10,GRASP_VND,Reloc-Swap-DoorSwap,10,10712.0,10456.0,18553490,SetA_12x6S10-Solution
SetA_12x6S10,GRASP_VND,Reloc-Swap-DoorSwap,100,10678.0,10456.0,42900293,SetA_12x6S10-Solution
SetA_12x6S10,GRASP_VND,Reloc-Swap-DoorSwap,1000,10552.0,10456.0,132416326,SetA_12x6S10-Solution
SetA_12x6S10,GRASP_VND,Reloc-Swap-DoorSwap,10000,10556.0,10456.0,283507421,SetA_12x6S10-Solution
SetA_12x6S10,GRASP_VND,Reloc-Swap-DoorSwap,100000,10532.0,10456.0,979397983,SetA_12x6S10-Solution
SetA_12x6S10,GRASP_VND,Reloc-Swap-DoorSwap,1000000,10535.0,10456.0,6864665374,SetA_12x6S10-Solution
SetA_12x6S15,GRASP_VND,DoorSwap-Reloc-Swap,1,10911.0,10362.0,11201337,SetA_12x6S15-Solution
SetA_12x6S15,GRASP_VND,DoorSwap-Reloc-Swap,10,10542.0,10362.0,20778062,SetA_12x6S15-Solution
SetA_12x6S15,GRASP_VND,DoorSwap-Reloc-Swap,100,10481.0,10362.0,52655202,SetA_12x6S15-Solution
SetA_12x6S15,GRASP_VND,DoorSwap-Reloc-Swap,1000,10478.0,10362.0,155774609,SetA_12x6S15-Solution
SetA_12x6S15,GRASP_VND,DoorSwap-Reloc-Swap,10000,10469.0,10362.0,320798901,SetA_12x6S15-Solution
SetA_12x6S15,GRASP_VND,DoorSwap-Reloc-Swap,100000,10461.0,10362.0,1011500918,SetA_12x6S15-Solution
SetA_12x6S15,GRASP_VND,DoorSwap-Reloc-Swap,1000000,10459.0,10362.0,7260553840,SetA_12x6S15-Solution
SetA_12x6S15,GRASP_VND,Reloc-Swap-DoorSwap,1,10923.0,10362.0,12529883,SetA_12x6S15-Solution
SetA_12x6S15,GRASP_VND,Reloc-Swap-DoorSwap,10,10683.0,10362.0,19880904,SetA_12x6S15-Solution
SetA_12x6S15,GRASP_VND,Reloc-Swap-DoorSwap,100,10577.0,10362.0,44206002,SetA_12x6S15-Solution
SetA_12x6S15,GRASP_VND,Reloc-Swap-DoorSwap,1000,10534.0,10362.0,139546187,SetA_12x6S15-Solution
SetA_12x6S15,GRASP_VND,Reloc-Swap-DoorSwap,10000,10467.0,10362.0,331750325,SetA_12x6S15-Solution
SetA_12x6S15,GRASP_VND,Reloc-Swap-DoorSwap,100000,10475.0,10362.0,1030039237,SetA_12x6S15-Solution
SetA_12x6S15,GRASP_VND,Reloc-Swap-DoorSwap,1000000,10460.0,10362.0,7174668920,SetA_12x6S15-Solution
SetA_12x6S20,GRASP_VND,DoorSwap-Reloc-Swap,1,10842.0,10312.0,12960819,SetA_12x6S20-Solution
SetA_12x6S20,GRASP_VND,DoorSwap-Reloc-Swap,10,10660.0,10312.0,20008173,SetA_12x6S20-Solution
SetA_12x6S20,GRASP_VND,DoorSwap-Reloc-Swap,100,10509.0,10312.0,53140602,SetA_12x6S20-Solution
SetA_12x6S20,GRASP_VND,DoorSwap-Reloc-Swap,1000,10398.0,10312.0,169373919,SetA_12x6S20-Solution
SetA_12x6S20,GRASP_VND,DoorSwap-Reloc-Swap,10000,10380.0,10312.0,368049203,SetA_12x6S20-Solution
SetA_12x6S20,GRASP_VND,DoorSwap-Reloc-Swap,100000,10378.0,10312.0,1122273178,SetA_12x6S20-Solution
SetA_12x6S20,GRASP_VND,DoorSwap-Reloc-Swap,1000000,10312.0,10312.0,7699383305,SetA_12x6S20-Solution
SetA_12x6S20,GRASP_VND,Reloc-Swap-DoorSwap,1,10841.0,10312.0,11042381,SetA_12x6S20-Solution
SetA_12x6S20,GRASP_VND,Reloc-Swap-DoorSwap,10,10549.0,10312.0,18371569,SetA_12x6S20-Solution
SetA_12x6S20,GRASP_VND,Reloc-Swap-DoorSwap,100,10375.0,10312.0,44770882,SetA_12x6S20-Solution
SetA_12x6S20,GRASP_VND,Reloc-Swap-DoorSwap,1000,10410.0,10312.0,133619777,SetA_12x6S20-Solution
SetA_12x6S20,GRASP_VND,Reloc-Swap-DoorSwap,10000,10333.0,10312.0,317483829,SetA_12x6S20-Solution
SetA_12x6S20,GRASP_VND,Reloc-Swap-DoorSwap,100000,10331.0,10312.0,1046834326,SetA_12x6S20-Solution
SetA_12x6S20,GRASP_VND,Reloc-Swap-DoorSwap,1000000,10376.0,10312.0,7552500164,SetA_12x6S20-Solution
SetA_12x6S30,GRASP_VND,DoorSwap-Reloc-Swap,1,10406.0,10228.0,14315046,SetA_12x6S30-Solution
SetA_12x6S30,GRASP_VND,DoorSwap-Reloc-Swap,10,10394.0,10228.0,21429332,SetA_12x6S30-Solution
SetA_12x6S30,GRASP_VND,DoorSwap-Reloc-Swap,100,10340.0,10228.0,55904952,SetA_12x6S30-Solution
SetA_12x6S30,GRASP_VND,DoorSwap-Reloc-Swap,1000,10260.0,10228.0,181482114,SetA_12x6S30-Solution
SetA_12x6S30,GRASP_VND,DoorSwap-Reloc-Swap,10000,10297.0,10228.0,411259286,SetA_12x6S30-Solution
SetA_12x6S30,GRASP_VND,DoorSwap-Reloc-Swap,100000,10321.0,10228.0,1196443480,SetA_12x6S30-Solution
SetA_12x6S30,GRASP_VND,DoorSwap-Reloc-Swap,1000000,10287.0,10228.0,8268519679,SetA_12x6S30-Solution
SetA_12x6S30,GRASP_VND,Reloc-Swap-DoorSwap,1,10628.0,10228.0,12417027,SetA_12x6S30-Solution
SetA_12x6S30,GRASP_VND,Reloc-Swap-DoorSwap,10,10386.0,10228.0,20261293,SetA_12x6S30-Solution
SetA_12x6S30,GRASP_VND,Reloc-Swap-DoorSwap,100,10410.0,10228.0,51204972,SetA_12x6S30-Solution
SetA_12x6S30,GRASP_VND,Reloc-Swap-DoorSwap,1000,10344.0,10228.0,141651547,SetA_12x6S30-Solution
SetA_12x6S30,GRASP_VND,Reloc-Swap-DoorSwap,10000,10295.0,10228.0,334808168,SetA_12x6S30-Solution
SetA_12x6S30,GRASP_VND,Reloc-Swap-DoorSwap,100000,10316.0,10228.0,1150702298,SetA_12x6S30-Solution
SetA_12x6S30,GRASP_VND,Reloc-Swap-DoorSwap,1000000,10306.0,10228.0,8352208874,SetA_12x6S30-Solution
SetA_12x6S5,GRASP_VND,DoorSwap-Reloc-Swap,1,11046.0,10891.0,12786317,SetA_12x6S5-Solution
SetA_12x6S5,GRASP_VND,DoorSwap-Reloc-Swap,10,11031.0,10891.0,17923823,SetA_12x6S5-Solution
SetA_12x6S5,GRASP_VND,DoorSwap-Reloc-Swap,100,10907.0,10891.0,42867814,SetA_12x6S5-Solution
SetA_12x6S5,GRASP_VND,DoorSwap-Reloc-Swap,1000,10901.0,10891.0,128944054,SetA_12x6S5-Solution
SetA_12x6S5,GRASP_VND,DoorSwap-Reloc-Swap,10000,10891.0,10891.0,327150862,SetA_12x6S5-Solution
SetA_12x6S5,GRASP_VND,DoorSwap-Reloc-Swap,100000,10891.0,10891.0,1352383980,SetA_12x6S5-Solution
SetA_12x6S5,GRASP_VND,DoorSwap-Reloc-Swap,1000000,10891.0,10891.0,10940049477,SetA_12x6S5-Solution
SetA_12x6S5,GRASP_VND,Reloc-Swap-DoorSwap,1,11001.0,10891.0,12481350,SetA_12x6S5-Solution
SetA_12x6S5,GRASP_VND,Reloc-Swap-DoorSwap,10,10986.0,10891.0,19700820,SetA_12x6S5-Solution
SetA_12x6S5,GRASP_VND,Reloc-Swap-DoorSwap,100,10907.0,10891.0,46288572,SetA_12x6S5-Solution
SetA_12x6S5,GRASP_VND,Reloc-Swap-DoorSwap,1000,10891.0,10891.0,134625986,SetA_12x6S5-Solution
SetA_12x6S5,GRASP_VND,Reloc-Swap-DoorSwap,10000,10901.0,10891.0,330808954,SetA_12x6S5-Solution
SetA_12x6S5,GRASP_VND,Reloc-Swap-DoorSwap,100000,10891.0,10891.0,1361649326,SetA_12x6S5-Solution
SetA_12x6S5,GRASP_VND,Reloc-Swap-DoorSwap,1000000,10891.0,10891.0,10776025064,SetA_12x6S5-Solution
SetA_15x6S10,GRASP_VND,DoorSwap-Reloc-Swap,1,14816.0,13803.0,13183835,SetA_15x6S10-Solution
SetA_15x6S10,GRASP_VND,DoorSwap-Reloc-Swap,10,14359.0,13803.0,22700027,SetA_15x6S10-Solution
SetA_15x6S10,GRASP_VND,DoorSwap-Reloc-Swap,100,14227.0,13803.0,57225099,SetA_15x6S10-Solution
SetA_15x6S10,GRASP_VND,DoorSwap-Reloc-Swap,1000,14086.0,13803.0,184599124,SetA_15x6S10-Solution
SetA_15x6S10,GRASP_VND,DoorSwap-Reloc-Swap,10000,13945.0,13803.0,424328352,SetA_15x6S10-Solution
SetA_15x6S10,GRASP_VND,DoorSwap-Reloc-Swap,100000,13954.0,13803.0,1367056214,SetA_15x6S10-Solution
SetA_15x6S10,GRASP_VND,DoorSwap-Reloc-Swap,1000000,13978.0,13803.0,9507087250,SetA_15x6S10-Solution
SetA_15x6S10,GRASP_VND,Reloc-Swap-DoorSwap,1,14589.0,13803.0,11137311,SetA_15x6S10-Solution
SetA_15x6S10,GRASP_VND,Reloc-Swap-DoorSwap,10,14392.0,13803.0,20702358,SetA_15x6S10-Solution
SetA_15x6S10,GRASP_VND,Reloc-Swap-DoorSwap,100,14083.0,13803.0,49040355,SetA_15x6S10-Solution
SetA_15x6S10,GRASP_VND,Reloc-Swap-DoorSwap,1000,14071.0,13803.0,163779099,SetA_15x6S10-Solution
SetA_15x6S10,GRASP_VND,Reloc-Swap-DoorSwap,10000,13975.0,13803.0,409676605,SetA_15x6S10-Solution
SetA_15x6S10,GRASP_VND,Reloc-Swap-DoorSwap,100000,14076.0,13803.0,1303479921,SetA_15x6S10-Solution
SetA_15x6S10,GRASP_VND,Reloc-Swap-DoorSwap,1000000,13922.0,13803.0,9449325043,SetA_15x6S10-Solution
SetA_15x6S15,GRASP_VND,DoorSwap-Reloc-Swap,1,14411.0,13765.0,14947503,SetA_15x6S15-Solution
SetA_15x6S15,GRASP_VND,DoorSwap-Reloc-Swap,10,14317.0,13765.0,28704212,SetA_15x6S15-Solution
SetA_15x6S15,GRASP_VND,DoorSwap-Reloc-Swap,100,14008.0,13765.0,58578318,SetA_15x6S15-Solution
SetA_15x6S15,GRASP_VND,DoorSwap-Reloc-Swap,1000,13930.0,13765.0,199846937,SetA_15x6S15-Solution
SetA_15x6S15,GRASP_VND,DoorSwap-Reloc-Swap,10000,13886.0,13765.0,510811656,SetA_15x6S15-Solution
SetA_15x6S15,GRASP_VND,DoorSwap-Reloc-Swap,100000,13903.0,13765.0,1417492451,SetA_15x6S15-Solution
SetA_15x6S15,GRASP_VND,DoorSwap-Reloc-Swap,1000000,13856.0,13765.0,9777382982,SetA_15x6S15-Solution
SetA_15x6S15,GRASP_VND,Reloc-Swap-DoorSwap,1,14546.0,13765.0,12030168,SetA_15x6S15-Solution
SetA_15x6S15,GRASP_VND,Reloc-Swap-DoorSwap,10,14368.0,13765.0,22138599,SetA_15x6S15-Solution
SetA_15x6S15,GRASP_VND,Reloc-Swap-DoorSwap,100,14127.0,13765.0,59737556,SetA_15x6S15-Solution
SetA_15x6S15,GRASP_VND,Reloc-Swap-DoorSwap,1000,13927.0,13765.0,179757290,SetA_15x6S15-Solution
SetA_15x6S15,GRASP_VND,Reloc-Swap-DoorSwap,10000,13911.0,13765.0,413383901,SetA_15x6S15-Solution
SetA_15x6S15,GRASP_VND,Reloc-Swap-DoorSwap,100000,13871.0,13765.0,1346353326,SetA_15x6S15-Solution
SetA_15x6S15,GRASP_VND,Reloc-Swap-DoorSwap,1000000,13911.0,13765.0,9684865683,SetA_15x6S15-Solution
SetA_15x6S20,GRASP_VND,DoorSwap-Reloc-Swap,1,14427.0,13720.0,13729333,SetA_15x6S20-Solution
SetA_15x6S20,GRASP_VND,DoorSwap-Reloc-Swap,10,14138.0,13720.0,25009358,SetA_15x6S20-Solution
SetA_15x6S20,GRASP_VND,DoorSwap-Reloc-Swap,100,13827.0,13720.0,67021008,SetA_15x6S20-Solution
SetA_15x6S20,GRASP_VND,DoorSwap-Reloc-Swap,1000,13862.0,13720.0,219887331,SetA_15x6S20-Solution
SetA_15x6S20,GRASP_VND,DoorSwap-Reloc-Swap,10000,13873.0,13720.0,507381749,SetA_15x6S20-Solution
SetA_15x6S20,GRASP_VND,DoorSwap-Reloc-Swap,100000,13795.0,13720.0,1587977531,SetA_15x6S20-Solution
SetA_15x6S20,GRASP_VND,DoorSwap-Reloc-Swap,1000000,13823.0,13720.0,11142548972,SetA_15x6S20-Solution
SetA_15x6S20,GRASP_VND,Reloc-Swap-DoorSwap,1,14339.0,13720.0,13307465,SetA_15x6S20-Solution
SetA_15x6S20,GRASP_VND,Reloc-Swap-DoorSwap,10,14064.0,13720.0,24498046,SetA_15x6S20-Solution
SetA_15x6S20,GRASP_VND,Reloc-Swap-DoorSwap,100,13942.0,13720.0,57678138,SetA_15x6S20-Solution
SetA_15x6S20,GRASP_VND,Reloc-Swap-DoorSwap,1000,13899.0,13720.0,175265161,SetA_15x6S20-Solution
SetA_15x6S20,GRASP_VND,Reloc-Swap-DoorSwap,10000,13830.0,13720.0,421017980,SetA_15x6S20-Solution
SetA_15x6S20,GRASP_VND,Reloc-Swap-DoorSwap,100000,13826.0,13720.0,1485552181,SetA_15x6S20-Solution
SetA_15x6S20,GRASP_VND,Reloc-Swap-DoorSwap,1000000,13809.0,13720.0,10261177117,SetA_15x6S20-Solution
SetA_15x6S30,GRASP_VND,DoorSwap-Reloc-Swap,1,14065.0,13567.0,14063885,SetA_15x6S30-Solution
SetA_15x6S30,GRASP_VND,DoorSwap-Reloc-Swap,10,14018.0,13567.0,27528065,SetA_15x6S30-Solution
SetA_15x6S30,GRASP_VND,DoorSwap-Reloc-Swap,100,13603.0,13567.0,66265928,SetA_15x6S30-Solution
SetA_15x6S30,GRASP_VND,DoorSwap-Reloc-Swap,1000,13673.0,13567.0,257345449,SetA_15x6S30-Solution
SetA_15x6S30,GRASP_VND,DoorSwap-Reloc-Swap,10000,13711.0,13567.0,585622636,SetA_15x6S30-Solution
SetA_15x6S30,GRASP_VND,DoorSwap-Reloc-Swap,100000,13689.0,13567.0,1655126034,SetA_15x6S30-Solution
SetA_15x6S30,GRASP_VND,DoorSwap-Reloc-Swap,1000000,13628.0,13567.0,11368909496,SetA_15x6S30-Solution
SetA_15x6S30,GRASP_VND,Reloc-Swap-DoorSwap,1,14120.0,13567.0,13668610,SetA_15x6S30-Solution
SetA_15x6S30,GRASP_VND,Reloc-Swap-DoorSwap,10,13900.0,13567.0,24904358,SetA_15x6S30-Solution
SetA_15x6S30,GRASP_VND,Reloc-Swap-DoorSwap,100,13811.0,13567.0,59811460,SetA_15x6S30-Solution
SetA_15x6S30,GRASP_VND,Reloc-Swap-DoorSwap,1000,13658.0,13567.0,233977858,SetA_15x6S30-Solution
SetA_15x6S30,GRASP_VND,Reloc-Swap-DoorSwap,10000,13593.0,13567.0,555653156,SetA_15x6S30-Solution
SetA_15x6S30,GRASP_VND,Reloc-Swap-DoorSwap,100000,13676.0,13567.0,1632740003,SetA_15x6S30-Solution
SetA_15x6S30,GRASP_VND,Reloc-Swap-DoorSwap,1000000,13690.0,13567.0,11320878274,SetA_15x6S30-Solution
SetA_15x6S5,GRASP_VND,DoorSwap-Reloc-Swap,1,15097.0,13927.0,13091580,SetA_15x6S5-Solution
SetA_15x6S5,GRASP_VND,DoorSwap-Reloc-Swap,10,14358.0,13927.0,27791641,SetA_15x6S5-Solution
SetA_15x6S5,GRASP_VND,DoorSwap-Reloc-Swap,100,14287.0,13927.0,58870749,SetA_15x6S5-Solution
SetA_15x6S5,GRASP_VND,DoorSwap-Reloc-Swap,1000,14158.0,13927.0,196011838,SetA_15x6S5-Solution
SetA_15x6S5,GRASP_VND,DoorSwap-Reloc-Swap,10000,14183.0,13927.0,559954580,SetA_15x6S5-Solution
SetA_15x6S5,GRASP_VND,DoorSwap-Reloc-Swap,100000,14102.0,13927.0,2422215775,SetA_15x6S5-Solution
SetA_15x6S5,GRASP_VND,DoorSwap-Reloc-Swap,1000000,14095.0,13927.0,22166530522,SetA_15x6S5-Solution
SetA_15x6S5,GRASP_VND,Reloc-Swap-DoorSwap,1,14992.0,13927.0,11253635,SetA_15x6S5-Solution
SetA_15x6S5,GRASP_VND,Reloc-Swap-DoorSwap,10,14528.0,13927.0,22603082,SetA_15x6S5-Solution
SetA_15x6S5,GRASP_VND,Reloc-Swap-DoorSwap,100,14347.0,13927.0,56069509,SetA_15x6S5-Solution
SetA_15x6S5,GRASP_VND,Reloc-Swap-DoorSwap,1000,14010.0,13927.0,193491563,SetA_15x6S5-Solution
SetA_15x6S5,GRASP_VND,Reloc-Swap-DoorSwap,10000,14137.0,13927.0,526958713,SetA_15x6S5-Solution
SetA_15x6S5,GRASP_VND,Reloc-Swap-DoorSwap,100000,14061.0,13927.0,2426999929,SetA_15x6S5-Solution
SetA_15x6S5,GRASP_VND,Reloc-Swap-DoorSwap,1000000,14044.0,13927.0,20713355784,SetA_15x6S5-Solution
SetA_15x7S10,GRASP_VND,DoorSwap-Reloc-Swap,1,15320.0,14810.0,14348917,SetA_15x7S10-Solution
SetA_15x7S10,GRASP_VND,DoorSwap-Reloc-Swap,10,15314.0,14810.0,24272221,SetA_15x7S10-Solution
SetA_15x7S10,GRASP_VND,DoorSwap-Reloc-Swap,100,15051.0,14810.0,61098099,SetA_15x7S10-Solution
SetA_15x7S10,GRASP_VND,DoorSwap-Reloc-Swap,1000,14935.0,14810.0,232206930,SetA_15x7S10-Solution
SetA_15x7S10,GRASP_VND,DoorSwap-Reloc-Swap,10000,14846.0,14810.0,539120589,SetA_15x7S10-Solution
SetA_15x7S10,GRASP_VND,DoorSwap-Reloc-Swap,100000,14926.0,14810.0,1420431054,SetA_15x7S10-Solution
SetA_15x7S10,GRASP_VND,DoorSwap-Reloc-Swap,1000000,14905.0,14810.0,9281300241,SetA_15x7S10-Solution
SetA_15x7S10,GRASP_VND,Reloc-Swap-DoorSwap,1,15223.0,14810.0,13751506,SetA_15x7S10-Solution
SetA_15x7S10,GRASP_VND,Reloc-Swap-DoorSwap,10,15167.0,14810.0,23278569,SetA_15x7S10-Solution
SetA_15x7S10,GRASP_VND,Reloc-Swap-DoorSwap,100,15147.0,14810.0,61990221,SetA_15x7S10-Solution
SetA_15x7S10,GRASP_VND,Reloc-Swap-DoorSwap,1000,14857.0,14810.0,191413715,SetA_15x7S10-Solution
SetA_15x7S10,GRASP_VND,Reloc-Swap-DoorSwap,10000,14915.0,14810.0,493305651,SetA_15x7S10-Solution
SetA_15x7S10,GRASP_VND,Reloc-Swap-DoorSwap,100000,14910.0,14810.0,1421943010,SetA_15x7S10-Solution
SetA_15x7S10,GRASP_VND,Reloc-Swap-DoorSwap,1000000,14907.0,14810.0,9128247969,SetA_15x7S10-Solution
SetA_15x7S15,GRASP_VND,DoorSwap-Reloc-Swap,1,14934.0,14657.0,15351760,SetA_15x7S15-Solution
SetA_15x7S15,GRASP_VND,DoorSwap-Reloc-Swap,10,15177.0,14657.0,24105902,SetA_15x7S15-Solution
SetA_15x7S15,GRASP_VND,DoorSwap-Reloc-Swap,100,14864.0,14657.0,68251236,SetA_15x7S15-Solution
SetA_15x7S15,GRASP_VND,DoorSwap-Reloc-Swap,1000,14752.0,14657.0,267787155,SetA_15x7S15-Solution
SetA_15x7S15,GRASP_VND,DoorSwap-Reloc-Swap,10000,14769.0,14657.0,596117802,SetA_15x7S15-Solution
SetA_15x7S15,GRASP_VND,DoorSwap-Reloc-Swap,100000,14748.0,14657.0,1640393929,SetA_15x7S15-Solution
SetA_15x7S15,GRASP_VND,DoorSwap-Reloc-Swap,1000000,14720.0,14657.0,10083011559,SetA_15x7S15-Solution
SetA_15x7S15,GRASP_VND,Reloc-Swap-DoorSwap,1,15027.0,14657.0,12138576,SetA_15x7S15-Solution
SetA_15x7S15,GRASP_VND,Reloc-Swap-DoorSwap,10,14989.0,14657.0,23253963,SetA_15x7S15-Solution
SetA_15x7S15,GRASP_VND,Reloc-Swap-DoorSwap,100,14804.0,14657.0,58669051,SetA_15x7S15-Solution
SetA_15x7S15,GRASP_VND,Reloc-Swap-DoorSwap,1000,14790.0,14657.0,218798586,SetA_15x7S15-Solution
SetA_15x7S15,GRASP_VND,Reloc-Swap-DoorSwap,10000,14739.0,14657.0,496345187,SetA_15x7S15-Solution
SetA_15x7S15,GRASP_VND,Reloc-Swap-DoorSwap,100000,14745.0,14657.0,1523987420,SetA_15x7S15-Solution
SetA_15x7S15,GRASP_VND,Reloc-Swap-DoorSwap,1000000,14691.0,14657.0,10133671047,SetA_15x7S15-Solution
SetA_15x7S20,GRASP_VND,DoorSwap-Reloc-Swap,1,14816.0,14514.0,14790994,SetA_15x7S20-Solution
SetA_15x7S20,GRASP_VND,DoorSwap-Reloc-Swap,10,14622.0,14514.0,26907542,SetA_15x7S20-Solution
SetA_15x7S20,GRASP_VND,DoorSwap-Reloc-Swap,100,14808.0,14514.0,67173731,SetA_15x7S20-Solution
SetA_15x7S20,GRASP_VND,DoorSwap-Reloc-Swap,1000,14729.0,14514.0,277379754,SetA_15x7S20-Solution
SetA_15x7S20,GRASP_VND,DoorSwap-Reloc-Swap,10000,14642.0,14514.0,580206347,SetA_15x7S20-Solution
SetA_15x7S20,GRASP_VND,DoorSwap-Reloc-Swap,100000,14640.0,14514.0,1679809819,SetA_15x7S20-Solution
SetA_15x7S20,GRASP_VND,DoorSwap-Reloc-Swap,1000000,14662.0,14514.0,11107205644,SetA_15x7S20-Solution
SetA_15x7S20,GRASP_VND,Reloc-Swap-DoorSwap,1,15471.0,14514.0,12915720,SetA_15x7S20-Solution
SetA_15x7S20,GRASP_VND,Reloc-Swap-DoorSwap,10,14953.0,14514.0,23687953,SetA_15x7S20-Solution
SetA_15x7S20,GRASP_VND,Reloc-Swap-DoorSwap,100,14755.0,14514.0,58213324,SetA_15x7S20-Solution
SetA_15x7S20,GRASP_VND,Reloc-Swap-DoorSwap,1000,14612.0,14514.0,221098697,SetA_15x7S20-Solution
SetA_15x7S20,GRASP_VND,Reloc-Swap-DoorSwap,10000,14674.0,14514.0,504588026,SetA_15x7S20-Solution
SetA_15x7S20,GRASP_VND,Reloc-Swap-DoorSwap,100000,14560.0,14514.0,1487358839,SetA_15x7S20-Solution
SetA_15x7S20,GRASP_VND,Reloc-Swap-DoorSwap,1000000,14702.0,14514.0,10694054432,SetA_15x7S20-Solution
SetA_15x7S30,GRASP_VND,DoorSwap-Reloc-Swap,1,14902.0,14409.0,13924692,SetA_15x7S30-Solution
SetA_15x7S30,GRASP_VND,DoorSwap-Reloc-Swap,10,14847.0,14409.0,29771346,SetA_15x7S30-Solution
SetA_15x7S30,GRASP_VND,DoorSwap-Reloc-Swap,100,14569.0,14409.0,72670936,SetA_15x7S30-Solution
SetA_15x7S30,GRASP_VND,DoorSwap-Reloc-Swap,1000,14516.0,14409.0,311908839,SetA_15x7S30-Solution
SetA_15x7S30,GRASP_VND,DoorSwap-Reloc-Swap,10000,14457.0,14409.0,740227157,SetA_15x7S30-Solution
SetA_15x7S30,GRASP_VND,DoorSwap-Reloc-Swap,100000,14507.0,14409.0,1964264585,SetA_15x7S30-Solution
SetA_15x7S30,GRASP_VND,DoorSwap-Reloc-Swap,1000000,14465.0,14409.0,12089735849,SetA_15x7S30-Solution
SetA_15x7S30,GRASP_VND,Reloc-Swap-DoorSwap,1,14950.0,14409.0,14675160,SetA_15x7S30-Solution
SetA_15x7S30,GRASP_VND,Reloc-Swap-DoorSwap,10,14614.0,14409.0,27124309,SetA_15x7S30-Solution
SetA_15x7S30,GRASP_VND,Reloc-Swap-DoorSwap,100,14713.0,14409.0,64719909,SetA_15x7S30-Solution
SetA_15x7S30,GRASP_VND,Reloc-Swap-DoorSwap,1000,14489.0,14409.0,267611281,SetA_15x7S30-Solution
SetA_15x7S30,GRASP_VND,Reloc-Swap-DoorSwap,10000,14555.0,14409.0,605073109,SetA_15x7S30-Solution
SetA_15x7S30,GRASP_VND,Reloc-Swap-DoorSwap,100000,14514.0,14409.0,1720300478,SetA_15x7S30-Solution
SetA_15x7S30,GRASP_VND,Reloc-Swap-DoorSwap,1000000,14415.0,14409.0,11691853010,SetA_15x7S30-Solution
SetA_15x7S5,GRASP_VND,DoorSwap-Reloc-Swap,1,15664.0,15054.0,14302078,SetA_15x7S5-Solution
SetA_15x7S5,GRASP_VND,DoorSwap-Reloc-Swap,10,15321.0,15054.0,23970831,SetA_15x7S5-Solution
SetA_15x7S5,GRASP_VND,DoorSwap-Reloc-Swap,100,15283.0,15054.0,61513513,SetA_15x7S5-Solution
SetA_15x7S5,GRASP_VND,DoorSwap-Reloc-Swap,1000,15245.0,15054.0,215504955,SetA_15x7S5-Solution
SetA_15x7S5,GRASP_VND,DoorSwap-Reloc-Swap,10000,15120.0,15054.0,627768964,SetA_15x7S5-Solution
SetA_15x7S5,GRASP_VND,DoorSwap-Reloc-Swap,100000,15074.0,15054.0,2233662483,SetA_15x7S5-Solution
SetA_15x7S5,GRASP_VND,DoorSwap-Reloc-Swap,1000000,15054.0,15054.0,18291875306,SetA_15x7S5-Solution
SetA_15x7S5,GRASP_VND,Reloc-Swap-DoorSwap,1,15239.0,15054.0,14544483,SetA_15x7S5-Solution
SetA_15x7S5,GRASP_VND,Reloc-Swap-DoorSwap,10,15485.0,15054.0,25812031,SetA_15x7S5-Solution
SetA_15x7S5,GRASP_VND,Reloc-Swap-DoorSwap,100,15288.0,15054.0,61896910,SetA_15x7S5-Solution
SetA_15x7S5,GRASP_VND,Reloc-Swap-DoorSwap,1000,15114.0,15054.0,205672760,SetA_15x7S5-Solution
SetA_15x7S5,GRASP_VND,Reloc-Swap-DoorSwap,10000,15225.0,15054.0,553439595,SetA_15x7S5-Solution
SetA_15x7S5,GRASP_VND,Reloc-Swap-DoorSwap,100000,15092.0,15054.0,2220166343,SetA_15x7S5-Solution
SetA_15x7S5,GRASP_VND,Reloc-Swap-DoorSwap,1000000,15086.0,15054.0,17944759484,SetA_15x7S5-Solution
SetA_20x10S10,GRASP_VND,DoorSwap-Reloc-Swap,1,32086.0,-1.0,16720126,SetA_20x10S10-Solution
SetA_20x10S10,GRASP_VND,DoorSwap-Reloc-Swap,10,30834.0,-1.0,39364979,SetA_20x10S10-Solution
SetA_20x10S10,GRASP_VND,DoorSwap-Reloc-Swap,100,30423.0,-1.0,124666343,SetA_20x10S10-Solution
SetA_20x10S10,GRASP_VND,DoorSwap-Reloc-Swap,1000,30203.0,-1.0,666006678,SetA_20x10S10-Solution
SetA_20x10S10,GRASP_VND,DoorSwap-Reloc-Swap,10000,29929.0,-1.0,1665582584,SetA_20x10S10-Solution
SetA_20x10S10,GRASP_VND,DoorSwap-Reloc-Swap,100000,29944.0,-1.0,3371196228,SetA_20x10S10-Solution
SetA_20x10S10,GRASP_VND,DoorSwap-Reloc-Swap,1000000,29826.0,-1.0,17262431553,SetA_20x10S10-Solution
SetA_20x10S10,GRASP_VND,Reloc-Swap-DoorSwap,1,31408.0,-1.0,15980390,SetA_20x10S10-Solution
SetA_20x10S10,GRASP_VND,Reloc-Swap-DoorSwap,10,30781.0,-1.0,37194200,SetA_20x10S10-Solution
SetA_20x10S10,GRASP_VND,Reloc-Swap-DoorSwap,100,30564.0,-1.0,112417864,SetA_20x10S10-Solution
SetA_20x10S10,GRASP_VND,Reloc-Swap-DoorSwap,1000,30054.0,-1.0,511515666,SetA_20x10S10-Solution
SetA_20x10S10,GRASP_VND,Reloc-Swap-DoorSwap,10000,30055.0,-1.0,1498209951,SetA_20x10S10-Solution
SetA_20x10S10,GRASP_VND,Reloc-Swap-DoorSwap,100000,29927.0,-1.0,3351531079,SetA_20x10S10-Solution
SetA_20x10S10,GRASP_VND,Reloc-Swap-DoorSwap,1000000,29824.0,-1.0,17455786091,SetA_20x10S10-Solution
SetA_20x10S15,GRASP_VND,DoorSwap-Reloc-Swap,1,31818.0,-1.0,17089221,SetA_20x10S15-Solution
SetA_20x10S15,GRASP_VND,DoorSwap-Reloc-Swap,10,30648.0,-1.0,42842918,SetA_20x10S15-Solution
SetA_20x10S15,GRASP_VND,DoorSwap-Reloc-Swap,100,29523.0,-1.0,144929599,SetA_20x10S15-Solution
SetA_20x10S15,GRASP_VND,DoorSwap-Reloc-Swap,1000,29909.0,-1.0,726148303,SetA_20x10S15-Solution
SetA_20x10S15,GRASP_VND,DoorSwap-Reloc-Swap,10000,29641.0,-1.0,1998589191,SetA_20x10S15-Solution
SetA_20x10S15,GRASP_VND,DoorSwap-Reloc-Swap,100000,29622.0,-1.0,3960058784,SetA_20x10S15-Solution
SetA_20x10S15,GRASP_VND,DoorSwap-Reloc-Swap,1000000,29505.0,-1.0,19685084486,SetA_20x10S15-Solution
SetA_20x10S15,GRASP_VND,Reloc-Swap-DoorSwap,1,30620.0,-1.0,16382951,SetA_20x10S15-Solution
SetA_20x10S15,GRASP_VND,Reloc-Swap-DoorSwap,10,30497.0,-1.0,37759302,SetA_20x10S15-Solution
SetA_20x10S15,GRASP_VND,Reloc-Swap-DoorSwap,100,29775.0,-1.0,104360477,SetA_20x10S15-Solution
SetA_20x10S15,GRASP_VND,Reloc-Swap-DoorSwap,1000,29655.0,-1.0,508393206,SetA_20x10S15-Solution
SetA_20x10S15,GRASP_VND,Reloc-Swap-DoorSwap,10000,29651.0,-1.0,1529624300,SetA_20x10S15-Solution
SetA_20x10S15,GRASP_VND,Reloc-Swap-DoorSwap,100000,29675.0,-1.0,3469811943,SetA_20x10S15-Solution
SetA_20x10S15,GRASP_VND,Reloc-Swap-DoorSwap,1000000,29675.0,-1.0,19337806673,SetA_20x10S15-Solution
SetA_20x10S20,GRASP_VND,DoorSwap-Reloc-Swap,1,31020.0,-1.0,19301743,SetA_20x10S20-Solution
SetA_20x10S20,GRASP_VND,DoorSwap-Reloc-Swap,10,30222.0,-1.0,44359535,SetA_20x10S20-Solution
SetA_20x10S20,GRASP_VND,DoorSwap-Reloc-Swap,100,29858.0,-1.0,150341694,SetA_20x10S20-Solution
SetA_20x10S20,GRASP_VND,DoorSwap-Reloc-Swap,1000,29605.0,-1.0,848866430,SetA_20x10S20-Solution
SetA_20x10S20,GRASP_VND,DoorSwap-Reloc-Swap,10000,29566.0,-1.0,3792146990,SetA_20x10S20-Solution
SetA_20x10S20,GRASP_VND,DoorSwap-Reloc-Swap,100000,29502.0,-1.0,5375087932,SetA_20x10S20-Solution
SetA_20x10S20,GRASP_VND,DoorSwap-Reloc-Swap,1000000,29283.0,-1.0,21739727258,SetA_20x10S20-Solution
SetA_20x10S20,GRASP_VND,Reloc-Swap-DoorSwap,1,30148.0,-1.0,15222632,SetA_20x10S20-Solution
SetA_20x10S20,GRASP_VND,Reloc-Swap-DoorSwap,10,30499.0,-1.0,37439331,SetA_20x10S20-Solution
SetA_20x10S20,GRASP_VND,Reloc-Swap-DoorSwap,100,29562.0,-1.0,121403003,SetA_20x10S20-Solution
SetA_20x10S20,GRASP_VND,Reloc-Swap-DoorSwap,1000,29766.0,-1.0,546101470,SetA_20x10S20-Solution
SetA_20x10S20,GRASP_VND,Reloc-Swap-DoorSwap,10000,29450.0,-1.0,1469895782,SetA_20x10S20-Solution
SetA_20x10S20,GRASP_VND,Reloc-Swap-DoorSwap,100000,29412.0,-1.0,3409668673,SetA_20x10S20-Solution
SetA_20x10S20,GRASP_VND,Reloc-Swap-DoorSwap,1000000,29303.0,-1.0,20663203582,SetA_20x10S20-Solution
SetA_20x10S30,GRASP_VND,DoorSwap-Reloc-Swap,1,30212.0,-1.0,20098115,SetA_20x10S30-Solution
SetA_20x10S30,GRASP_VND,DoorSwap-Reloc-Swap,10,29988.0,-1.0,45297174,SetA_20x10S30-Solution
SetA_20x10S30,GRASP_VND,DoorSwap-Reloc-Swap,100,29304.0,-1.0,161319876,SetA_20x10S30-Solution
SetA_20x10S30,GRASP_VND,DoorSwap-Reloc-Swap,1000,29348.0,-1.0,841336737,SetA_20x10S30-Solution
SetA_20x10S30,GRASP_VND,DoorSwap-Reloc-Swap,10000,28997.0,-1.0,2353910807,SetA_20x10S30-Solution
SetA_20x10S30,GRASP_VND,DoorSwap-Reloc-Swap,100000,29029.0,-1.0,5150252079,SetA_20x10S30-Solution
SetA_20x10S30,GRASP_VND,DoorSwap-Reloc-Swap,1000000,29094.0,-1.0,25161617661,SetA_20x10S30-Solution
SetA_20x10S30,GRASP_VND,Reloc-Swap-DoorSwap,1,29401.0,-1.0,18328228,SetA_20x10S30-Solution
SetA_20x10S30,GRASP_VND,Reloc-Swap-DoorSwap,10,30086.0,-1.0,38172819,SetA_20x10S30-Solution
SetA_20x10S30,GRASP_VND,Reloc-Swap-DoorSwap,100,29125.0,-1.0,126336362,SetA_20x10S30-Solution
SetA_20x10S30,GRASP_VND,Reloc-Swap-DoorSwap,1000,28740.0,-1.0,618897183,SetA_20x10S30-Solution
SetA_20x10S30,GRASP_VND,Reloc-Swap-DoorSwap,10000,29068.0,-1.0,1638049553,SetA_20x10S30-Solution
SetA_20x10S30,GRASP_VND,Reloc-Swap-DoorSwap,100000,29101.0,-1.0,4144301063,SetA_20x10S30-Solution
SetA_20x10S30,GRASP_VND,Reloc-Swap-DoorSwap,1000000,29065.0,-1.0,23770301432,SetA_20x10S30-Solution
SetA_20x10S5,GRASP_VND,DoorSwap-Reloc-Swap,1,31522.0,-1.0,16010300,SetA_20x10S5-Solution
SetA_20x10S5,GRASP_VND,DoorSwap-Reloc-Swap,10,31168.0,-1.0,37140957,SetA_20x10S5-Solution
SetA_20x10S5,GRASP_VND,DoorSwap-Reloc-Swap,100,30663.0,-1.0,101385915,SetA_20x10S5-Solution
SetA_20x10S5,GRASP_VND,DoorSwap-Reloc-Swap,1000,30714.0,-1.0,487436694,SetA_20x10S5-Solution
SetA_20x10S5,GRASP_VND,DoorSwap-Reloc-Swap,10000,30495.0,-1.0,1353370204,SetA_20x10S5-Solution
SetA_20x10S5,GRASP_VND,DoorSwap-Reloc-Swap,100000,30493.0,-1.0,2937099389,SetA_20x10S5-Solution
SetA_20x10S5,GRASP_VND,DoorSwap-Reloc-Swap,1000000,30407.0,-1.0,14358510237,SetA_20x10S5-Solution
SetA_20x10S5,GRASP_VND,Reloc-Swap-DoorSwap,1,31480.0,-1.0,15579685,SetA_20x10S5-Solution
SetA_20x10S5,GRASP_VND,Reloc-Swap-DoorSwap,10,30968.0,-1.0,33741868,SetA_20x10S5-Solution
SetA_20x10S5,GRASP_VND,Reloc-Swap-DoorSwap,100,30805.0,-1.0,105684717,SetA_20x10S5-Solution
SetA_20x10S5,GRASP_VND,Reloc-Swap-DoorSwap,1000,30377.0,-1.0,583123056,SetA_20x10S5-Solution
SetA_20x10S5,GRASP_VND,Reloc-Swap-DoorSwap,10000,30610.0,-1.0,1437418492,SetA_20x10S5-Solution
SetA_20x10S5,GRASP_VND,Reloc-Swap-DoorSwap,100000,30503.0,-1.0,2886553326,SetA_20x10S5-Solution
SetA_20x10S5,GRASP_VND,Reloc-Swap-DoorSwap,1000000,30510.0,-1.0,14303732022,SetA_20x10S5-Solution
SetA_8x4S10,GRASP_VND,DoorSwap-Reloc-Swap,1,5356.0,5169.0,11266618,SetA_8x4S10-Solution
SetA_8x4S10,GRASP_VND,DoorSwap-Reloc-Swap,10,5174.0,5169.0,13676189,SetA_8x4S10-Solution
SetA_8x4S10,GRASP_VND,DoorSwap-Reloc-Swap,100,5169.0,5169.0,28453295,SetA_8x4S10-Solution
SetA_8x4S10,GRASP_VND,DoorSwap-Reloc-Swap,1000,5169.0,5169.0,64154701,SetA_8x4S10-Solution
SetA_8x4S10,GRASP_VND,DoorSwap-Reloc-Swap,10000,5169.0,5169.0,154507494,SetA_8x4S10-Solution
SetA_8x4S10,GRASP_VND,DoorSwap-Reloc-Swap,100000,5169.0,5169.0,473678691,SetA_8x4S10-Solution
SetA_8x4S10,GRASP_VND,DoorSwap-Reloc-Swap,1000000,5169.0,5169.0,3038992530,SetA_8x4S10-Solution
SetA_8x4S10,GRASP_VND,Reloc-Swap-DoorSwap,1,5358.0,5169.0,10792519,SetA_8x4S10-Solution
SetA_8x4S10,GRASP_VND,Reloc-Swap-DoorSwap,10,5169.0,5169.0,14418096,SetA_8x4S10-Solution
SetA_8x4S10,GRASP_VND,Reloc-Swap-DoorSwap,100,5169.0,5169.0,29616835,SetA_8x4S10-Solution
SetA_8x4S10,GRASP_VND,Reloc-Swap-DoorSwap,1000,5169.0,5169.0,65047421,SetA_8x4S10-Solution
SetA_8x4S10,GRASP_VND,Reloc-Swap-DoorSwap,10000,5169.0,5169.0,159463533,SetA_8x4S10-Solution
SetA_8x4S10,GRASP_VND,Reloc-Swap-DoorSwap,100000,5169.0,5169.0,476584355,SetA_8x4S10-Solution
SetA_8x4S10,GRASP_VND,Reloc-Swap-DoorSwap,1000000,5169.0,5169.0,3061844564,SetA_8x4S10-Solution
SetA_8x4S15,GRASP_VND,DoorSwap-Reloc-Swap,1,5129.0,5112.0,10484211,SetA_8x4S15-Solution
SetA_8x4S15,GRASP_VND,DoorSwap-Reloc-Swap,10,5112.0,5112.0,14934172,SetA_8x4S15-Solution
SetA_8x4S15,GRASP_VND,DoorSwap-Reloc-Swap,100,5112.0,5112.0,31612303,SetA_8x4S15-Solution
SetA_8x4S15,GRASP_VND,DoorSwap-Reloc-Swap,1000,5112.0,5112.0,69656107,SetA_8x4S15-Solution
SetA_8x4S15,GRASP_VND,DoorSwap-Reloc-Swap,10000,5112.0,5112.0,162081715,SetA_8x4S15-Solution
SetA_8x4S15,GRASP_VND,DoorSwap-Reloc-Swap,100000,5112.0,5112.0,508437165,SetA_8x4S15-Solution
SetA_8x4S15,GRASP_VND,DoorSwap-Reloc-Swap,1000000,5112.0,5112.0,3208440996,SetA_8x4S15-Solution
SetA_8x4S15,GRASP_VND,Reloc-Swap-DoorSwap,1,5356.0,5112.0,9833242,SetA_8x4S15-Solution
SetA_8x4S15,GRASP_VND,Reloc-Swap-DoorSwap,10,5129.0,5112.0,15558804,SetA_8x4S15-Solution
SetA_8x4S15,GRASP_VND,Reloc-Swap-DoorSwap,100,5112.0,5112.0,31619363,SetA_8x4S15-Solution
SetA_8x4S15,GRASP_VND,Reloc-Swap-DoorSwap,1000,5112.0,5112.0,66625559,SetA_8x4S15-Solution
SetA_8x4S15,GRASP_VND,Reloc-Swap-DoorSwap,10000,5112.0,5112.0,163680491,SetA_8x4S15-Solution
SetA_8x4S15,GRASP_VND,Reloc-Swap-DoorSwap,100000,5112.0,5112.0,503023137,SetA_8x4S15-Solution
SetA_8x4S15,GRASP_VND,Reloc-Swap-DoorSwap,1000000,5112.0,5112.0,3166710978,SetA_8x4S15-Solution
SetA_8x4S20,GRASP_VND,DoorSwap-Reloc-Swap,1,5336.0,5086.0,10539119,SetA_8x4S20-Solution
SetA_8x4S20,GRASP_VND,DoorSwap-Reloc-Swap,10,5119.0,5086.0,15616568,SetA_8x4S20-Solution
SetA_8x4S20,GRASP_VND,DoorSwap-Reloc-Swap,100,5086.0,5086.0,33367930,SetA_8x4S20-Solution
SetA_8x4S20,GRASP_VND,DoorSwap-Reloc-Swap,1000,5086.0,5086.0,71941781,SetA_8x4S20-Solution
SetA_8x4S20,GRASP_VND,DoorSwap-Reloc-Swap,10000,5086.0,5086.0,176091959,SetA_8x4S20-Solution
SetA_8x4S20,GRASP_VND,DoorSwap-Reloc-Swap,100000,5086.0,5086.0,541518943,SetA_8x4S20-Solution
SetA_8x4S20,GRASP_VND,DoorSwap-Reloc-Swap,1000000,5086.0,5086.0,3503481774,SetA_8x4S20-Solution
SetA_8x4S20,GRASP_VND,Reloc-Swap-DoorSwap,1,5291.0,5086.0,9889264,SetA_8x4S20-Solution
SetA_8x4S20,GRASP_VND,Reloc-Swap-DoorSwap,10,5213.0,5086.0,14824245,SetA_8x4S20-Solution
SetA_8x4S20,GRASP_VND,Reloc-Swap-DoorSwap,100,5086.0,5086.0,30596977,SetA_8x4S20-Solution
SetA_8x4S20,GRASP_VND,Reloc-Swap-DoorSwap,1000,5086.0,5086.0,67418063,SetA_8x4S20-Solution
SetA_8x4S20,GRASP_VND,Reloc-Swap-DoorSwap,10000,5086.0,5086.0,166295123,SetA_8x4S20-Solution
SetA_8x4S20,GRASP_VND,Reloc-Swap-DoorSwap,100000,5086.0,5086.0,888426070,SetA_8x4S20-Solution
SetA_8x4S20,GRASP_VND,Reloc-Swap-DoorSwap,1000000,5086.0,5086.0,3779935087,SetA_8x4S20-Solution
SetA_8x4S30,GRASP_VND,DoorSwap-Reloc-Swap,1,5371.0,5063.0,10756654,SetA_8x4S30-Solution
SetA_8x4S30,GRASP_VND,DoorSwap-Reloc-Swap,10,5118.0,5063.0,17559575,SetA_8x4S30-Solution
SetA_8x4S30,GRASP_VND,DoorSwap-Reloc-Swap,100,5063.0,5063.0,37894295,SetA_8x4S30-Solution
SetA_8x4S30,GRASP_VND,DoorSwap-Reloc-Swap,1000,5063.0,5063.0,73314872,SetA_8x4S30-Solution
SetA_8x4S30,GRASP_VND,DoorSwap-Reloc-Swap,10000,5063.0,5063.0,175743690,SetA_8x4S30-Solution
SetA_8x4S30,GRASP_VND,DoorSwap-Reloc-Swap,100000,5063.0,5063.0,554231073,SetA_8x4S30-Solution
SetA_8x4S30,GRASP_VND,DoorSwap-Reloc-Swap,1000000,5063.0,5063.0,3640925876,SetA_8x4S30-Solution
SetA_8x4S30,GRASP_VND,Reloc-Swap-DoorSwap,1,5231.0,5063.0,10210783,SetA_8x4S30-Solution
SetA_8x4S30,GRASP_VND,Reloc-Swap-DoorSwap,10,5121.0,5063.0,15386918,SetA_8x4S30-Solution
SetA_8x4S30,GRASP_VND,Reloc-Swap-DoorSwap,100,5063.0,5063.0,30257440,SetA_8x4S30-Solution
SetA_8x4S30,GRASP_VND,Reloc-Swap-DoorSwap,1000,5063.0,5063.0,69389758,SetA_8x4S30-Solution
SetA_8x4S30,GRASP_VND,Reloc-Swap-DoorSwap,10000,5063.0,5063.0,166269654,SetA_8x4S30-Solution
SetA_8x4S30,GRASP_VND,Reloc-Swap-DoorSwap,100000,5063.0,5063.0,550355367,SetA_8x4S30-Solution
SetA_8x4S30,GRASP_VND,Reloc-Swap-DoorSwap,1000000,5063.0,5063.0,3607223153,SetA_8x4S30-Solution
SetA_8x4S5,GRASP_VND,DoorSwap-Reloc-Swap,1,5354.0,5174.0,9964963,SetA_8x4S5-Solution
SetA_8x4S5,GRASP_VND,DoorSwap-Reloc-Swap,10,5174.0,5174.0,12958856,SetA_8x4S5-Solution
SetA_8x4S5,GRASP_VND,DoorSwap-Reloc-Swap,100,5174.0,5174.0,26823558,SetA_8x4S5-Solution
SetA_8x4S5,GRASP_VND,DoorSwap-Reloc-Swap,1000,5174.0,5174.0,51922637,SetA_8x4S5-Solution
SetA_8x4S5,GRASP_VND,DoorSwap-Reloc-Swap,10000,5174.0,5174.0,141935830,SetA_8x4S5-Solution
SetA_8x4S5,GRASP_VND,DoorSwap-Reloc-Swap,100000,5174.0,5174.0,472170508,SetA_8x4S5-Solution
SetA_8x4S5,GRASP_VND,DoorSwap-Reloc-Swap,1000000,5174.0,5174.0,2898121523,SetA_8x4S5-Solution
SetA_8x4S5,GRASP_VND,Reloc-Swap-DoorSwap,1,5308.0,5174.0,9767334,SetA_8x4S5-Solution
SetA_8x4S5,GRASP_VND,Reloc-Swap-DoorSwap,10,5294.0,5174.0,13847046,SetA_8x4S5-Solution
SetA_8x4S5,GRASP_VND,Reloc-Swap-DoorSwap,100,5174.0,5174.0,27232648,SetA_8x4S5-Solution
SetA_8x4S5,GRASP_VND,Reloc-Swap-DoorSwap,1000,5174.0,5174.0,52930081,SetA_8x4S5-Solution
SetA_8x4S5,GRASP_VND,Reloc-Swap-DoorSwap,10000,5174.0,5174.0,146668269,SetA_8x4S5-Solution
SetA_8x4S5,GRASP_VND,Reloc-Swap-DoorSwap,100000,5174.0,5174.0,453712011,SetA_8x4S5-Solution
SetA_8x4S5,GRASP_VND,Reloc-Swap-DoorSwap,1000000,5174.0,5174.0,2970271327,SetA_8x4S5-Solution
SetA_9x4S10,GRASP_VND,DoorSwap-Reloc-Swap,1,6092.0,6027.0,10200214,SetA_9x4S10-Solution
SetA_9x4S10,GRASP_VND,DoorSwap-Reloc-Swap,10,6042.0,6027.0,14456833,SetA_9x4S10-Solution
SetA_9x4S10,GRASP_VND,DoorSwap-Reloc-Swap,100,6034.0,6027.0,32560041,SetA_9x4S10-Solution
SetA_9x4S10,GRASP_VND,DoorSwap-Reloc-Swap,1000,6027.0,6027.0,75232877,SetA_9x4S10-Solution
SetA_9x4S10,GRASP_VND,DoorSwap-Reloc-Swap,10000,6027.0,6027.0,200017734,SetA_9x4S10-Solution
SetA_9x4S10,GRASP_VND,DoorSwap-Reloc-Swap,100000,6027.0,6027.0,569914090,SetA_9x4S10-Solution
SetA_9x4S10,GRASP_VND,DoorSwap-Reloc-Swap,1000000,6027.0,6027.0,3910091712,SetA_9x4S10-Solution
SetA_9x4S10,GRASP_VND,Reloc-Swap-DoorSwap,1,6132.0,6027.0,10953767,SetA_9x4S10-Solution
SetA_9x4S10,GRASP_VND,Reloc-Swap-DoorSwap,10,6081.0,6027.0,15052007,SetA_9x4S10-Solution
SetA_9x4S10,GRASP_VND,Reloc-Swap-DoorSwap,100,6034.0,6027.0,32263745,SetA_9x4S10-Solution
SetA_9x4S10,GRASP_VND,Reloc-Swap-DoorSwap,1000,6027.0,6027.0,73176857,SetA_9x4S10-Solution
SetA_9x4S10,GRASP_VND,Reloc-Swap-DoorSwap,10000,6027.0,6027.0,175317691,SetA_9x4S10-Solution
SetA_9x4S10,GRASP_VND,Reloc-Swap-DoorSwap,100000,6027.0,6027.0,554706014,SetA_9x4S10-Solution
SetA_9x4S10,GRASP_VND,Reloc-Swap-DoorSwap,1000000,6027.0,6027.0,3982070459,SetA_9x4S10-Solution
SetA_9x4S15,GRASP_VND,DoorSwap-Reloc-Swap,1,6106.0,5976.0,10263726,SetA_9x4S15-Solution
SetA_9x4S15,GRASP_VND,DoorSwap-Reloc-Swap,10,6023.0,5976.0,16207908,SetA_9x4S15-Solution
SetA_9x4S15,GRASP_VND,DoorSwap-Reloc-Swap,100,5989.0,5976.0,43646153,SetA_9x4S15-Solution
SetA_9x4S15,GRASP_VND,DoorSwap-Reloc-Swap,1000,5976.0,5976.0,87418294,SetA_9x4S15-Solution
SetA_9x4S15,GRASP_VND,DoorSwap-Reloc-Swap,10000,5976.0,5976.0,204303000,SetA_9x4S15-Solution
SetA_9x4S15,GRASP_VND,DoorSwap-Reloc-Swap,100000,5976.0,5976.0,651068429,SetA_9x4S15-Solution
SetA_9x4S15,GRASP_VND,DoorSwap-Reloc-Swap,1000000,5976.0,5976.0,4088116967,SetA_9x4S15-Solution
SetA_9x4S15,GRASP_VND,Reloc-Swap-DoorSwap,1,6124.0,5976.0,10121219,SetA_9x4S15-Solution
SetA_9x4S15,GRASP_VND,Reloc-Swap-DoorSwap,10,6071.0,5976.0,15685529,SetA_9x4S15-Solution
SetA_9x4S15,GRASP_VND,Reloc-Swap-DoorSwap,100,5976.0,5976.0,34095928,SetA_9x4S15-Solution
SetA_9x4S15,GRASP_VND,Reloc-Swap-DoorSwap,1000,5976.0,5976.0,76251608,SetA_9x4S15-Solution
SetA_9x4S15,GRASP_VND,Reloc-Swap-DoorSwap,10000,5976.0,5976.0,193517036,SetA_9x4S15-Solution
SetA_9x4S15,GRASP_VND,Reloc-Swap-DoorSwap,100000,5976.0,5976.0,606386559,SetA_9x4S15-Solution
SetA_9x4S15,GRASP_VND,Reloc-Swap-DoorSwap,1000000,5976.0,5976.0,3949485087,SetA_9x4S15-Solution
SetA_9x4S20,GRASP_VND,DoorSwap-Reloc-Swap,1,6119.0,5937.0,10206192,SetA_9x4S20-Solution
SetA_9x4S20,GRASP_VND,DoorSwap-Reloc-Swap,10,6018.0,5937.0,16655331,SetA_9x4S20-Solution
SetA_9x4S20,GRASP_VND,DoorSwap-Reloc-Swap,100,5975.0,5937.0,37435224,SetA_9x4S20-Solution
SetA_9x4S20,GRASP_VND,DoorSwap-Reloc-Swap,1000,5937.0,5937.0,76713423,SetA_9x4S20-Solution
SetA_9x4S20,GRASP_VND,DoorSwap-Reloc-Swap,10000,5937.0,5937.0,186355261,SetA_9x4S20-Solution
SetA_9x4S20,GRASP_VND,DoorSwap-Reloc-Swap,100000,5937.0,5937.0,667698865,SetA_9x4S20-Solution
SetA_9x4S20,GRASP_VND,DoorSwap-Reloc-Swap,1000000,5937.0,5937.0,4149752101,SetA_9x4S20-Solution
SetA_9x4S20,GRASP_VND,Reloc-Swap-DoorSwap,1,6082.0,5937.0,9748581,SetA_9x4S20-Solution
SetA_9x4S20,GRASP_VND,Reloc-Swap-DoorSwap,10,6048.0,5937.0,16062392,SetA_9x4S20-Solution
SetA_9x4S20,GRASP_VND,Reloc-Swap-DoorSwap,100,5956.0,5937.0,33198818,SetA_9x4S20-Solution
SetA_9x4S20,GRASP_VND,Reloc-Swap-DoorSwap,1000,5937.0,5937.0,73310682,SetA_9x4S20-Solution
SetA_9x4S20,GRASP_VND,Reloc-Swap-DoorSwap,10000,5937.0,5937.0,174681548,SetA_9x4S20-Solution
SetA_9x4S20,GRASP_VND,Reloc-Swap-DoorSwap,100000,5937.0,5937.0,603611369,SetA_9x4S20-Solution
SetA_9x4S20,GRASP_VND,Reloc-Swap-DoorSwap,1000000,5937.0,5937.0,4090800355,SetA_9x4S20-Solution
SetA_9x4S30,GRASP_VND,DoorSwap-Reloc-Swap,1,6033.0,5904.0,11001586,SetA_9x4S30-Solution
SetA_9x4S30,GRASP_VND,DoorSwap-Reloc-Swap,10,5936.0,5904.0,16382900,SetA_9x4S30-Solution
SetA_9x4S30,GRASP_VND,DoorSwap-Reloc-Swap,100,5939.0,5904.0,37768930,SetA_9x4S30-Solution
SetA_9x4S30,GRASP_VND,DoorSwap-Reloc-Swap,1000,5904.0,5904.0,82583769,SetA_9x4S30-Solution
SetA_9x4S30,GRASP_VND,DoorSwap-Reloc-Swap,10000,5904.0,5904.0,199785710,SetA_9x4S30-Solution
SetA_9x4S30,GRASP_VND,DoorSwap-Reloc-Swap,100000,5904.0,5904.0,650548409,SetA_9x4S30-Solution
SetA_9x4S30,GRASP_VND,DoorSwap-Reloc-Swap,1000000,5904.0,5904.0,4325298323,SetA_9x4S30-Solution
SetA_9x4S30,GRASP_VND,Reloc-Swap-DoorSwap,1,5987.0,5904.0,10326978,SetA_9x4S30-Solution
SetA_9x4S30,GRASP_VND,Reloc-Swap-DoorSwap,10,5955.0,5904.0,15920013,SetA_9x4S30-Solution
SetA_9x4S30,GRASP_VND,Reloc-Swap-DoorSwap,100,5904.0,5904.0,33869212,SetA_9x4S30-Solution
SetA_9x4S30,GRASP_VND,Reloc-Swap-DoorSwap,1000,5904.0,5904.0,75924861,SetA_9x4S30-Solution
SetA_9x4S30,GRASP_VND,Reloc-Swap-DoorSwap,10000,5904.0,5904.0,184734906,SetA_9x4S30-Solution
SetA_9x4S30,GRASP_VND,Reloc-Swap-DoorSwap,100000,5904.0,5904.0,633068910,SetA_9x4S30-Solution
SetA_9x4S30,GRASP_VND,Reloc-Swap-DoorSwap,1000000,5904.0,5904.0,4370806327,SetA_9x4S30-Solution
SetA_9x4S5,GRASP_VND,DoorSwap-Reloc-Swap,1,6139.0,6047.0,10194117,SetA_9x4S5-Solution
SetA_9x4S5,GRASP_VND,DoorSwap-Reloc-Swap,10,6066.0,6047.0,14122777,SetA_9x4S5-Solution
SetA_9x4S5,GRASP_VND,DoorSwap-Reloc-Swap,100,6056.0,6047.0,30020050,SetA_9x4S5-Solution
SetA_9x4S5,GRASP_VND,DoorSwap-Reloc-Swap,1000,6047.0,6047.0,66207885,SetA_9x4S5-Solution
SetA_9x4S5,GRASP_VND,DoorSwap-Reloc-Swap,10000,6047.0,6047.0,165979813,SetA_9x4S5-Solution
SetA_9x4S5,GRASP_VND,DoorSwap-Reloc-Swap,100000,6047.0,6047.0,556651461,SetA_9x4S5-Solution
SetA_9x4S5,GRASP_VND,DoorSwap-Reloc-Swap,1000000,6047.0,6047.0,3445839633,SetA_9x4S5-Solution
SetA_9x4S5,GRASP_VND,Reloc-Swap-DoorSwap,1,6153.0,6047.0,10288650,SetA_9x4S5-Solution
SetA_9x4S5,GRASP_VND,Reloc-Swap-DoorSwap,10,6047.0,6047.0,15516319,SetA_9x4S5-Solution
SetA_9x4S5,GRASP_VND,Reloc-Swap-DoorSwap,100,6047.0,6047.0,30435507,SetA_9x4S5-Solution
SetA_9x4S5,GRASP_VND,Reloc-Swap-DoorSwap,1000,6047.0,6047.0,70077327,SetA_9x4S5-Solution
SetA_9x4S5,GRASP_VND,Reloc-Swap-DoorSwap,10000,6047.0,6047.0,167461116,SetA_9x4S5-Solution
SetA_9x4S5,GRASP_VND,Reloc-Swap-DoorSwap,100000,6047.0,6047.0,537550701,SetA_9x4S5-Solution
SetA_9x4S5,GRASP_VND,Reloc-Swap-DoorSwap,1000000,6047.0,6047.0,3391258905,SetA_9x4S5-Solution